1,338.79999999999995,nan,nan
2,339.95,nan,nan
3,342.75,nan,nan
4,342.8,nan,nan
5,344.65,nan,nan
6,353.95,nan,nan
7,357.55,nan,nan
8,357.9,nan,nan
9,355.5,nan,nan
10,347.6,nan,nan
11,346.3500000000001,nan,nan
12,346.0,nan,nan
13,344.75,nan,nan
14,351.3,nan,nan
15,345.25000000000006,nan,nan
16,372.75,nan,nan
17,366.0,nan,nan
18,365.1,nan,nan
19,364.15000000000003,nan,nan
20,374.35,nan,nan
21,375.95000000000005,nan,nan
22,370.75000000000006,nan,nan
23,372.75,nan,nan
24,372.55,nan,nan
25,371.9,nan,nan
26,368.35,nan,nan
27,370.7,nan,nan
28,373.6,nan,nan
29,373.1,nan,nan
30,370.7,nan,nan
31,371.55,nan,nan
32,366.90000000000003,nan,nan
33,373.25,nan,nan
34,372.4,nan,nan
35,369.0,nan,nan
36,372.80000000000007,nan,nan
37,367.7,nan,nan
38,367.8,nan,nan
39,365.2,nan,nan
40,363.20000000000005,nan,nan
41,365.5,nan,nan
42,365.3,nan,nan
43,364.84999999999997,nan,nan
44,367.5,nan,nan
45,366.6,nan,nan
46,367.3,nan,nan
47,366.19999999999993,nan,nan
48,366.19999999999993,nan,nan
49,371.45,nan,nan
50,377.2,nan,nan
51,382.45,nan,nan
52,379.7,nan,nan
53,382.05,nan,nan
54,379.3,nan,nan
55,376.3,nan,nan
56,381.30000000000007,nan,nan
57,385.9,nan,nan
58,405.70000000000005,nan,nan
59,395.45,nan,nan
60,397.1,nan,nan
61,403.15,nan,nan
62,407.0,nan,nan
63,408.45,nan,nan
64,408.29999999999995,nan,nan
65,421.25,nan,nan
66,419.8,nan,nan
67,411.3,nan,nan
68,420.05,nan,nan
69,427.8,nan,nan
70,426.24999999999994,nan,nan
71,416.05,nan,nan
72,413.3,nan,nan
73,418.95,nan,nan
74,417.05,nan,nan
75,415.8500000000001,nan,nan
76,424.20000000000005,nan,nan
77,420.90000000000003,nan,nan
78,417.45,nan,nan
79,417.8,nan,nan
80,416.05,nan,nan
81,416.25000000000006,nan,nan
82,414.55,nan,nan
83,408.55,nan,nan
84,407.75000000000006,nan,nan
85,416.35,nan,nan
86,421.0,nan,nan
87,419.15,nan,nan
88,422.1,nan,nan
89,431.9,nan,nan
90,432.95,nan,nan
91,434.4,nan,nan
92,428.1,nan,nan
93,429.00000000000006,nan,nan
94,427.7,nan,nan
95,422.54999999999995,nan,nan
96,416.4,nan,nan
97,406.5,nan,nan
98,402.5,nan,nan
99,397.3,nan,nan
100,403.50000000000006,nan,nan
101,402.95000000000005,401.799072265625,nan
102,405.2,403.5408630371094,nan
103,401.65,404.9417419433594,nan
104,398.9,402.5097351074219,nan
105,396.0,398.9638671875,nan
106,396.65,395.8373107910156,nan
107,394.8,395.7269287109375,nan
108,396.85,395.4017639160156,nan
109,400.1,396.90484619140625,nan
110,395.35,400.280029296875,nan
111,389.75,398.61297607421875,nan
112,387.35,393.126953125,nan
113,385.95000000000005,388.9912414550781,nan
114,382.05,387.0699157714844,nan
115,389.45,384.35052490234375,nan
116,384.65,387.9444580078125,nan
117,377.15,387.6090087890625,nan
118,377.7,381.44854736328125,nan
119,382.3,378.07568359375,nan
120,378.94999999999993,380.3741760253906,nan
121,384.6000000000001,380.5209655761719,nan
122,403.55,383.4132385253906,nan
123,400.25,397.35198974609375,nan
124,430.8999999999999,403.3009033203125,nan
125,453.3,423.66632080078125,nan
126,465.95,450.1125183105469,nan
127,461.95,467.5359802246094,nan
128,473.75,465.7782897949219,nan
129,497.35,471.605224609375,nan
130,502.05,494.4281921386719,nan
131,515.75,504.53680419921875,nan
132,511.3,514.78662109375,nan
133,485.3,512.1797485351562,nan
134,492.9,488.5313415527344,nan
135,497.2,494.8421630859375,nan
136,539.1,504.89288330078125,nan
137,543.2,540.6664428710938,nan
138,541.25,543.7495727539062,nan
139,532.55,533.3933715820312,nan
140,514.35,525.235595703125,nan
141,495.3,512.5701293945312,nan
142,504.24999999999994,498.81024169921875,nan
143,503.45,510.5446472167969,nan
144,498.0,511.8680419921875,nan
145,498.15,502.08465576171875,nan
146,486.75,498.8391418457031,nan
147,489.9,487.43212890625,nan
148,493.5,488.4931640625,nan
149,492.65,492.93585205078125,nan
150,503.25,491.25262451171875,nan
151,499.1,499.5197448730469,nan
152,496.35,496.5010681152344,nan
153,496.8,492.3504943847656,nan
154,498.0,493.95489501953125,nan
155,492.0,497.0289306640625,nan
156,495.74999999999994,492.2713928222656,nan
157,496.45,495.414794921875,nan
158,484.15,497.6585693359375,nan
159,484.3,485.8519592285156,nan
160,490.65,484.4580078125,nan
161,483.45,492.3494873046875,nan
162,514.7,486.3827819824219,nan
163,525.15,512.228271484375,nan
164,532.7,524.8841552734375,nan
165,523.85,526.99609375,nan
166,517.35,517.0018310546875,nan
167,520.3,511.9752502441406,nan
168,517.95,518.9776611328125,nan
169,526.25,519.7586669921875,nan
170,536.6,526.7962646484375,nan
171,528.9,535.9920043945312,nan
172,524.1,526.8506469726562,nan
173,528.55,520.4182739257812,nan
174,542.95,526.7640991210938,nan
175,534.65,541.2314453125,nan
176,531.35,531.7089233398438,nan
177,529.65,525.7291259765625,nan
178,527.9,526.53515625,nan
179,516.55,526.3623657226562,nan
180,518.2,515.6082153320312,nan
181,523.0,517.0846557617188,nan
182,540.0,522.9095458984375,nan
183,516.35,537.0468139648438,nan
184,509.8,512.23193359375,nan
185,506.4,502.9734802246094,nan
186,514.75,505.0986633300781,nan
187,509.55,514.74365234375,nan
188,504.5,509.0591125488281,nan
189,497.24999999999994,501.1972351074219,nan
190,499.9,494.4233093261719,nan
191,495.0,497.6815185546875,nan
192,497.9,494.164794921875,nan
193,490.7,495.5408630371094,nan
194,492.1,489.0658874511719,nan
195,459.5,489.20062255859375,nan
196,452.69999999999993,459.5329895019531,nan
197,440.6,449.604248046875,nan
198,440.6,442.1122741699219,nan
199,439.8500000000001,441.36553955078125,nan
200,438.4,440.7074890136719,nan
201,422.35,438.033447265625,nan
202,440.2,422.52099609375,nan
203,439.15,433.1323547363281,nan
204,430.25,438.68499755859375,nan
205,429.8,431.0059814453125,nan
206,422.5,427.7716064453125,nan
207,424.4,422.97747802734375,nan
208,434.8,424.0635070800781,nan
209,428.95,434.42987060546875,nan
210,419.7,433.720458984375,nan
211,414.3500000000001,424.0042724609375,nan
212,418.1,416.45269775390625,nan
213,419.6499999999999,418.36328125,nan
214,416.1,421.7567443847656,nan
215,425.55,419.7252502441406,nan
216,423.15,425.12713623046875,nan
217,430.49999999999994,425.68975830078125,nan
218,428.55,430.0743713378906,nan
219,427.74999999999994,430.1565856933594,nan
220,421.44999999999993,428.5287170410156,nan
221,413.8999999999999,423.0677185058594,nan
222,403.2,415.4669189453125,nan
223,401.29999999999995,405.3723449707031,nan
224,402.15,401.0869445800781,nan
225,421.55,401.6484375,nan
226,426.3,416.7938232421875,nan
227,422.6,427.1254577636719,nan
228,420.45,425.0514831542969,nan
229,416.75,420.1457824707031,nan
230,399.6499999999999,415.9202880859375,nan
231,400.4,402.61419677734375,nan
232,418.2,398.4690856933594,nan
233,415.6,412.788330078125,nan
234,412.7,418.7803955078125,nan
235,421.5,415.8956604003906,nan
236,413.2,419.78668212890625,nan
237,398.70000000000005,415.9638977050781,nan
238,395.1,402.5053405761719,nan
239,402.2,394.6930847167969,nan
240,395.05,399.0016174316406,nan
241,393.90000000000003,397.7879943847656,nan
242,384.95,395.15997314453125,nan
243,380.3,387.7994384765625,nan
244,385.55000000000007,381.1051940917969,nan
245,385.3,382.42352294921875,nan
246,380.20000000000005,384.58538818359375,nan
247,377.9,382.1463928222656,nan
248,376.65,378.72796630859375,nan
249,382.05,376.5888671875,nan
250,384.25,379.5771789550781,nan
251,395.35,383.5645446777344,nan
252,402.00000000000006,392.4388732910156,nan
253,402.85,401.50823974609375,nan
254,406.25000000000006,405.3082275390625,nan
255,419.85,407.5921325683594,nan
256,409.2,417.55072021484375,nan
257,408.75,415.1952209472656,nan
258,409.55000000000007,411.2459411621094,nan
259,408.45,410.69598388671875,nan
260,404.4,410.5688781738281,nan
261,396.75,407.592041015625,nan
262,398.25,400.4461669921875,nan
263,401.1499999999999,398.2035827636719,nan
264,402.45,400.3421936035156,nan
265,412.1,402.44677734375,nan
266,386.6,409.5065002441406,nan
267,383.15,394.40350341796875,nan
268,381.95,382.4195556640625,nan
269,375.35,378.76910400390625,nan
270,367.6000000000001,375.10552978515625,nan
271,361.35,368.92431640625,nan
272,360.0,362.32879638671875,nan
273,361.8500000000001,358.9176330566406,nan
274,356.8,359.4371337890625,nan
275,371.9,357.95550537109375,nan
276,376.95,365.1905212402344,nan
277,375.15,374.1204528808594,nan
278,379.15,377.4463195800781,nan
279,375.8,379.6571960449219,nan
280,373.6,378.623046875,nan
281,383.7,376.1894226074219,nan
282,372.3,380.9726257324219,nan
283,364.29999999999995,378.4326171875,nan
284,379.75,370.5776672363281,nan
285,379.95,374.8970947265625,nan
286,377.55,380.33587646484375,nan
287,388.8,381.02197265625,nan
288,380.65,386.50518798828125,nan
289,375.6499999999999,384.95159912109375,nan
290,376.50000000000006,379.0307312011719,nan
291,378.25,376.05426025390625,nan
292,370.9,376.6842041015625,nan
293,371.2,373.4011535644531,nan
294,371.9,371.0755310058594,nan
295,368.7,370.8129577636719,nan
296,374.55,369.3177185058594,nan
297,374.1499999999999,371.64892578125,nan
298,380.20000000000005,373.49462890625,nan
299,375.6499999999999,377.5946350097656,nan
300,377.95,377.2865295410156,nan
301,381.95,377.2664794921875,nan
302,368.05,379.9076232910156,nan
303,370.75000000000006,373.5322265625,nan
304,367.4,370.1070861816406,nan
305,363.4,367.81646728515625,nan
306,362.25000000000006,364.85748291015625,nan
307,362.09999999999997,362.7567443847656,nan
308,367.8,361.998291015625,nan
309,362.0,365.1434326171875,nan
310,362.15,364.45330810546875,nan
311,358.95000000000005,362.9587707519531,nan
312,347.4,360.3886413574219,nan
313,342.55,352.8341064453125,nan
314,336.8,345.46746826171875,nan
315,345.0,339.3132019042969,nan
316,345.4,340.447509765625,nan
317,358.95000000000005,343.6748352050781,nan
318,356.8,352.4029541015625,nan
319,352.3,357.8412780761719,nan
320,357.65,357.0101013183594,nan
321,364.69999999999993,357.2112121582031,nan
322,383.25,361.40814208984375,nan
323,390.6,374.58929443359375,nan
324,384.5,388.0879211425781,nan
325,373.0,390.32232666015625,nan
326,374.5,381.0579528808594,nan
327,385.75,375.1350402832031,nan
328,381.9,380.39501953125,nan
329,385.3,383.46868896484375,nan
330,367.05000000000007,385.7994384765625,nan
331,369.8,375.40863037109375,nan
332,370.15,369.2579040527344,nan
333,367.0,368.0503845214844,nan
334,372.0,366.781494140625,nan
335,371.3999999999999,368.8666687011719,nan
336,370.55,370.2792053222656,nan
337,368.25,370.0411682128906,nan
338,369.8999999999999,368.1369934082031,nan
339,368.95000000000005,367.8501892089844,nan
340,379.15,367.7831726074219,nan
341,376.8,373.7579650878906,nan
342,374.9,376.943115234375,nan
343,383.1000000000001,376.36322021484375,nan
344,383.85,380.0823669433594,nan
345,383.8,383.53375244140625,nan
346,378.35,384.8252258300781,nan
347,372.05,381.52691650390625,nan
348,372.3,375.2987365722656,nan
349,389.6,372.2786560058594,nan
350,388.3999999999999,382.3053894042969,nan
351,378.7,389.327392578125,nan
352,376.7,384.7987060546875,nan
353,383.6,378.7052917480469,nan
354,382.05,380.240478515625,nan
355,373.7,381.9124450683594,nan
356,370.04999999999995,377.3286437988281,nan
357,370.5,371.69427490234375,nan
358,356.19999999999993,369.5102844238281,nan
359,360.5,361.2577819824219,nan
360,361.3,358.45867919921875,nan
361,356.8,359.2831726074219,nan
362,338.55,358.141845703125,nan
363,326.75,347.4510803222656,nan
364,318.45,334.17303466796875,nan
365,310.15,323.38543701171875,nan
366,298.6,315.1140441894531,nan
367,295.2,307.0513916015625,nan
368,289.0,301.3033447265625,nan
369,295.1,296.7662353515625,nan
370,285.35,296.0909423828125,nan
371,290.05,294.65533447265625,nan
372,291.1,294.43682861328125,nan
373,294.0,295.2215576171875,nan
374,288.5,296.9774169921875,nan
375,287.3,297.30499267578125,nan
376,285.75,296.4151611328125,nan
377,285.9,294.8763122558594,nan
378,315.85,293.5440673828125,nan
379,295.55,299.8741455078125,nan
380,297.95,303.96978759765625,nan
381,294.1,305.2997741699219,nan
382,292.6,303.8677978515625,nan
383,292.35,301.2098693847656,nan
384,293.5,298.7898254394531,nan
385,302.05,297.5094299316406,nan
386,303.2,299.2432861328125,nan
387,305.05,302.33721923828125,nan
388,306.25,305.4404296875,nan
389,299.75,307.7493896484375,nan
390,296.2,307.0875244140625,nan
391,297.55,304.1437072753906,nan
392,301.3,301.486083984375,nan
393,304.4,300.90582275390625,nan
394,332.75,302.3863525390625,nan
395,336.85,312.39404296875,nan
396,331.95000000000005,325.54888916015625,nan
397,332.7,333.4219055175781,nan
398,327.8500000000001,335.5898742675781,nan
399,334.54999999999995,332.8915100097656,nan
400,328.15,331.9000549316406,nan
401,314.1,329.96783447265625,nan
402,317.2,323.21441650390625,nan
403,313.5,318.2817687988281,nan
404,319.75,314.92596435546875,nan
405,318.55,315.51318359375,nan
406,312.8,317.1504821777344,nan
407,304.0,316.4988098144531,nan
408,303.95,312.14794921875,nan
409,294.95,307.8982849121094,nan
410,290.25,302.7145080566406,nan
411,305.55,297.60662841796875,nan
412,303.1,298.4076843261719,nan
413,319.25,301.3231506347656,nan
414,315.2,308.68865966796875,nan
415,317.8,314.83319091796875,nan
416,322.7,318.760986328125,nan
417,316.55,321.91534423828125,nan
418,307.9,321.8097229003906,nan
419,309.1,317.5126647949219,nan
420,320.45,313.42279052734375,nan
421,316.7,314.62286376953125,nan
422,316.55,316.79595947265625,nan
423,312.5,318.2739562988281,nan
424,319.5,317.494873046875,nan
425,312.65,318.2118225097656,nan
426,313.5,317.26300048828125,nan
427,322.45,316.0209045410156,nan
428,324.95000000000005,318.0386657714844,nan
429,329.25,321.7500915527344,nan
430,334.5,326.1985168457031,nan
431,337.30000000000007,331.10943603515625,nan
432,335.09999999999997,335.3551330566406,nan
433,331.6,336.7392883300781,nan
434,337.75,334.9945983886719,nan
435,333.95,335.19439697265625,nan
436,332.05,334.78607177734375,nan
437,311.15,333.4565734863281,nan
438,311.35,324.3475646972656,nan
439,304.85,316.1881103515625,nan
440,303.7,309.6515808105469,nan
441,301.65,305.7992858886719,nan
442,307.5,303.75970458984375,nan
443,305.15,304.89093017578125,nan
444,307.85,306.3484802246094,nan
445,303.7,308.12091064453125,nan
446,306.4,308.22723388671875,nan
447,311.85,308.29803466796875,nan
448,306.55,310.0812072753906,nan
449,308.2,310.61285400390625,nan
450,308.75,310.749755859375,nan
451,311.15,310.9290466308594,nan
452,313.25,311.84661865234375,nan
453,312.2,313.4842834472656,nan
454,311.25,314.57586669921875,nan
455,310.55,314.68170166015625,nan
456,300.8,314.0797424316406,nan
457,304.6,310.4568786621094,nan
458,302.55,307.7631530761719,nan
459,303.7,305.9652099609375,nan
460,309.0,305.4276428222656,nan
461,309.9,307.11260986328125,nan
462,313.85,309.5489196777344,nan
463,317.25,312.5667724609375,nan
464,315.45,315.852783203125,nan
465,320.15,317.54949951171875,nan
466,318.05,319.3258056640625,nan
467,307.65,319.9525146484375,nan
468,307.85,316.4648742675781,nan
469,309.4,312.46270751953125,nan
470,307.65,310.3210144042969,nan
471,308.7,309.2836608886719,nan
472,333.8,309.3212585449219,nan
473,351.8,317.6487731933594,nan
474,337.75,333.90423583984375,nan
475,342.4,342.3951110839844,nan
476,337.70000000000005,344.84576416015625,nan
477,330.6,342.2477111816406,nan
478,336.75000000000006,336.1889343261719,nan
479,334.00000000000006,333.9593200683594,nan
480,331.55000000000007,333.26348876953125,nan
481,326.99999999999994,332.34912109375,nan
482,327.8,329.8740539550781,nan
483,322.5,328.11431884765625,nan
484,329.95,325.3710632324219,nan
485,333.1,326.0940856933594,nan
486,340.8,329.19195556640625,nan
487,356.45,334.9155578613281,nan
488,350.0,345.8145751953125,nan
489,356.8,351.3765563964844,nan
490,356.65,355.02935791015625,nan
491,354.95,356.4771728515625,nan
492,351.6,355.75372314453125,nan
493,340.0,353.169189453125,nan
494,346.3500000000001,345.927734375,nan
495,341.95000000000005,343.5983581542969,nan
496,347.69999999999993,342.2240295410156,nan
497,348.75,344.2848205566406,nan
498,346.95,347.06414794921875,nan
499,349.4,347.79998779296875,nan
500,316.5,348.50579833984375,nan
501,324.5,334.16827392578125,nan
502,328.5,325.01031494140625,nan
503,325.45,323.5641174316406,nan
504,320.3,324.26898193359375,nan
505,324.2,323.3455810546875,nan
506,331.45,323.63775634765625,nan
507,333.45000000000005,327.1785888671875,nan
508,324.95000000000005,331.458251953125,nan
509,324.5,330.9198303222656,nan
510,315.45,328.4815368652344,nan
511,324.1,323.2026062011719,nan
512,318.65,322.10321044921875,nan
513,336.6,321.38214111328125,nan
514,331.24999999999994,327.42364501953125,nan
515,325.2,332.2151184082031,nan
516,328.45,331.8807067871094,nan
517,340.1,330.7773742675781,nan
518,330.65,334.4682312011719,nan
519,335.15,335.0510559082031,nan
520,338.79999999999995,335.568359375,nan
521,353.2,337.409912109375,nan
522,349.50000000000006,344.9732971191406,nan
523,345.6,350.0359802246094,nan
524,338.79999999999995,349.7406005859375,nan
525,346.7,344.5985107421875,nan
526,348.79999999999995,343.62890625,nan
527,352.75,345.7174987792969,nan
528,352.4,349.6130676269531,nan
529,353.8,352.07000732421875,nan
530,357.1,353.3765869140625,nan
531,363.45,355.218994140625,nan
532,363.25,359.457275390625,nan
533,359.90000000000003,362.2974548339844,nan
534,363.75000000000006,361.4012145996094,nan
535,353.3,361.72894287109375,nan
536,343.99999999999994,357.0622253417969,nan
537,345.15,348.58392333984375,nan
538,341.1,343.9306335449219,nan
539,348.55000000000007,340.9746398925781,nan
540,343.8,343.40087890625,nan
541,345.1,344.29217529296875,nan
542,348.6,344.6857604980469,nan
543,345.55,346.405029296875,nan
544,348.6499999999999,346.39935302734375,nan
545,346.65,347.2213439941406,nan
546,348.5,347.1429443359375,nan
547,353.59999999999997,347.6964416503906,nan
548,353.2,350.7208557128906,nan
549,362.75,353.0740661621094,nan
550,364.8,358.6676940917969,nan
551,356.4,363.80133056640625,nan
552,362.3,361.8316345214844,nan
553,358.55000000000007,361.50830078125,nan
554,360.75,360.1977844238281,nan
555,356.1,360.29071044921875,nan
556,350.6000000000001,358.4170227050781,nan
557,350.75,354.0163269042969,nan
558,346.25,351.1368103027344,nan
559,342.50000000000006,347.9790954589844,nan
560,339.95,344.3950500488281,nan
561,342.55,341.18572998046875,nan
562,343.59999999999997,340.7994689941406,nan
563,338.9,342.01312255859375,nan
564,339.0,341.0111999511719,nan
565,334.9,339.71539306640625,nan
566,334.54999999999995,337.2243347167969,nan
567,345.75,335.34942626953125,nan
568,337.6,339.43426513671875,nan
569,323.9,340.4941711425781,nan
570,343.55,334.0175476074219,nan
571,357.69999999999993,335.9600830078125,nan
572,368.45,346.8052062988281,nan
573,366.1000000000001,361.2621154785156,nan
574,372.15,368.8203125,nan
575,371.15000000000003,372.8735656738281,nan
576,351.65,373.3455810546875,nan
577,361.2,362.3077392578125,nan
578,361.54999999999995,358.51702880859375,nan
579,360.99999999999994,359.4527893066406,nan
580,358.05,360.9141845703125,nan
581,354.9,360.0521545410156,nan
582,352.75,357.12921142578125,nan
583,356.4,353.87200927734375,nan
584,360.65,353.9123840332031,nan
585,348.3,357.0431213378906,nan
586,345.80000000000007,353.137451171875,nan
587,343.5,347.6661071777344,nan
588,346.8,343.53668212890625,nan
589,336.85,343.4906005859375,nan
590,345.7,340.2395935058594,nan
591,347.69999999999993,341.483642578125,nan
592,349.25,344.83233642578125,nan
593,356.45,348.03594970703125,nan
594,355.1,353.076904296875,nan
595,347.55,355.80419921875,nan
596,343.04999999999995,352.74334716796875,nan
597,343.99999999999994,347.2441101074219,nan
598,339.85,344.2532958984375,nan
599,335.6,341.750732421875,nan
600,337.6,338.6529235839844,nan
601,356.4,337.6509704589844,nan
602,348.0,346.2273864746094,nan
603,348.6499999999999,350.6363525390625,nan
604,341.65,351.278076171875,nan
605,344.05,347.130859375,nan
606,349.1000000000001,344.44146728515625,nan
607,367.05000000000007,345.9302978515625,nan
608,350.95,356.6510314941406,nan
609,344.9,357.7796936035156,nan
610,339.5,351.7021484375,nan
611,341.55000000000007,344.0169372558594,nan
612,359.4,340.5837097167969,nan
613,377.25,348.4419860839844,nan
614,382.9,365.5399475097656,nan
615,393.55,380.3477783203125,nan
616,383.65,391.9111633300781,nan
617,385.25,390.10577392578125,nan
618,385.85,386.24713134765625,nan
619,383.50000000000006,384.87939453125,nan
620,374.1,383.77978515625,nan
621,360.35,377.8190002441406,nan
622,372.35,366.0819091796875,nan
623,375.15,366.5895690917969,nan
624,373.1,371.7827453613281,nan
625,359.90000000000003,373.68255615234375,nan
626,367.95,365.6049499511719,nan
627,374.25,363.84869384765625,nan
628,373.05,368.5281982421875,nan
629,377.99999999999994,371.6299743652344,nan
630,383.95,375.2987365722656,nan
631,371.45,380.7050476074219,nan
632,371.75,376.18853759765625,nan
633,369.15,371.87591552734375,nan
634,371.5,369.04510498046875,nan
635,368.6,369.7694396972656,nan
636,362.49999999999994,369.5624084472656,nan
637,393.05,365.77679443359375,nan
638,409.2,380.680419921875,nan
639,439.35,402.9156494140625,nan
640,437.3,433.0033264160156,nan
641,426.3,443.5149230957031,nan
642,420.65,432.9422302246094,nan
643,451.4,422.05224609375,nan
644,432.35,443.1761474609375,nan
645,433.35,441.4485778808594,nan
646,436.6499999999999,436.8009033203125,nan
647,442.45,438.4597473144531,nan
648,458.6,444.4187316894531,nan
649,459.1,458.7753601074219,nan
650,461.4,462.4673156738281,nan
651,447.35,462.02960205078125,nan
652,444.85,449.3514404296875,nan
653,445.85,443.83868408203125,nan
654,447.0,445.91131591796875,nan
655,442.75,448.6039733886719,nan
656,438.65,445.21173095703125,nan
657,427.8,439.81365966796875,nan
658,421.85,429.31494140625,nan
659,439.94999999999993,421.6604309082031,nan
660,438.3,435.6679992675781,nan
661,449.45,440.61669921875,nan
662,453.8,448.354248046875,nan
663,454.8,453.72198486328125,nan
664,457.15,454.8813781738281,nan
665,447.55,456.7914733886719,nan
666,455.1,449.87103271484375,nan
667,460.5,454.84796142578125,nan
668,455.8,463.121826171875,nan
669,453.3,460.75701904296875,nan
670,455.2,456.5377197265625,nan
671,455.1,457.60223388671875,nan
672,449.65,458.48345947265625,nan
673,445.1,453.5594482421875,nan
674,458.85,447.8672180175781,nan
675,460.1,458.7088317871094,nan
676,457.0,463.45452880859375,nan
677,468.9,459.35345458984375,nan
678,469.35,467.52154541015625,nan
679,467.85,470.75299072265625,nan
680,473.9,468.683349609375,nan
681,500.05,473.4002990722656,nan
682,508.7,498.1874694824219,nan
683,511.75,509.917724609375,nan
684,514.5,509.8617858886719,nan
685,523.65,511.0714416503906,nan
686,524.25,520.947021484375,nan
687,514.4,523.7005615234375,nan
688,491.25,514.6094360351562,nan
689,490.25,493.8471984863281,nan
690,489.8,494.70965576171875,nan
691,496.45,498.1780090332031,nan
692,497.2,502.8165588378906,nan
693,510.05,500.8768005371094,nan
694,518.9,509.1418762207031,nan
695,533.35,516.3567504882812,nan
696,546.8,527.301513671875,nan
697,539.45,538.443115234375,nan
698,538.7,530.4713745117188,nan
699,534.3,529.6961669921875,nan
700,539.6,nan,nan
701,539.95,nan,nan
702,565.0,nan,nan
703,564.85,nan,nan
704,548.25,nan,nan
705,543.4,nan,nan
706,545.6,nan,nan
707,529.9,nan,nan
708,535.25,nan,nan
709,535.95,nan,nan
710,531.65,nan,nan
711,523.5,nan,nan
712,518.35,nan,nan
713,520.8,nan,nan
714,516.75,nan,nan
715,526.9,nan,nan
716,519.15,nan,nan
717,496.25,nan,nan
718,493.8,nan,nan
719,464.95,nan,nan
720,491.85,nan,nan
721,464.8,nan,nan
722,454.7,nan,nan
723,425.55,nan,nan
724,444.74999999999994,nan,nan
725,462.65,nan,nan
726,407.3500000000001,nan,nan
727,404.04999999999995,nan,nan
728,429.1,nan,nan
729,470.7,nan,nan
730,448.95,nan,nan
731,431.04999999999995,nan,nan
732,440.8999999999999,nan,nan
733,421.35,nan,nan
734,423.95,nan,nan
735,470.2,nan,nan
736,461.65,nan,nan
737,488.7,nan,nan
738,512.2,nan,nan
739,510.5,nan,nan
740,500.45,nan,nan
741,502.45,nan,nan
742,490.3,nan,nan
743,500.5,nan,nan
744,501.4,nan,nan
745,496.0,nan,nan
746,494.25000000000006,nan,nan
747,494.05,nan,nan
748,485.65,nan,nan
749,496.0,nan,nan
750,514.3,nan,nan
751,532.5,nan,nan
752,528.05,nan,nan
753,546.0,nan,nan
754,528.05,nan,nan
755,530.05,nan,nan
756,536.2,nan,nan
757,559.85,nan,nan
758,555.95,nan,nan
759,539.85,nan,nan
760,554.1,nan,nan
761,538.05,nan,nan
762,598.8,nan,nan
763,594.05,nan,nan
764,594.55,nan,nan
765,593.2,nan,nan
766,559.25,nan,nan
767,563.1,nan,nan
768,562.75,nan,nan
769,552.6,nan,nan
770,559.05,nan,nan
771,558.1,nan,nan
772,551.65,nan,nan
773,572.45,nan,nan
774,584.35,nan,nan
775,585.15,nan,nan
776,567.8,nan,nan
777,567.1,nan,nan
778,551.85,nan,nan
779,560.1,nan,nan
780,550.7,nan,nan
781,544.9,nan,nan
782,563.45,nan,nan
783,560.9,nan,nan
784,572.5,nan,nan
785,581.05,nan,nan
786,578.8,nan,nan
787,557.35,nan,nan
788,559.0,nan,nan
789,560.4,nan,nan
790,567.1,nan,nan
791,559.85,nan,nan
792,560.15,nan,nan
793,558.45,nan,nan
794,581.45,nan,nan
795,576.6,nan,nan
796,567.15,nan,nan
797,561.3,nan,nan
798,568.65,nan,nan
799,574.7,nan,nan
800,586.8,nan,nan
801,589.35,nan,573.5517578125
802,563.6,nan,572.9574584960938
803,562.75,nan,547.8718872070312
804,566.75,nan,553.13134765625
805,575.75,nan,563.2702026367188
806,567.75,nan,568.884765625
807,569.15,nan,557.2057495117188
808,567.2,nan,557.6776733398438
809,559.45,nan,557.9567260742188
810,559.5,nan,550.5579223632812
811,564.6,nan,551.4640502929688
812,566.2,nan,557.14306640625
813,552.7,nan,556.780517578125
814,554.85,nan,542.125
815,547.35,nan,545.73779296875
816,549.0,nan,541.3905639648438
817,558.95,nan,542.26806640625
818,555.3,nan,551.5009155273438
819,560.8,nan,545.8021240234375
820,558.85,nan,548.6995849609375
821,551.1,nan,547.6321411132812
822,547.7,nan,540.279541015625
823,535.35,nan,538.9562377929688
824,528.6,nan,529.7184448242188
825,521.4,nan,524.666015625
826,526.3,nan,519.6746826171875
827,535.85,nan,524.3251342773438
828,525.55,nan,532.1868286132812
829,520.25,nan,519.12890625
830,526.9,nan,511.5199890136719
831,528.65,nan,520.19775390625
832,514.5,nan,522.9903564453125
833,511.15,nan,507.647705078125
834,523.45,nan,504.2271423339844
835,513.1,nan,519.1063232421875
836,546.25,nan,510.0553894042969
837,550.55,nan,537.5445556640625
838,538.0,nan,542.8541870117188
839,523.15,nan,525.407958984375
840,515.45,nan,512.6258544921875
841,498.1000000000001,nan,511.8240966796875
842,504.24999999999994,nan,499.8550109863281
843,497.35,nan,506.236328125
844,491.65,nan,501.0098876953125
845,474.09999999999997,nan,491.9303283691406
846,485.55,nan,473.60125732421875
847,481.75,nan,482.684326171875
848,479.0,nan,481.7325134277344
849,494.55,nan,475.6647033691406
850,467.75,nan,488.5633544921875
851,470.95000000000005,nan,465.7337646484375
852,433.79999999999995,nan,463.3333740234375
853,419.3,nan,433.7999572753906
854,439.65,nan,415.9350891113281
855,443.6499999999999,nan,434.83587646484375
856,435.6000000000001,nan,446.2733154296875
857,420.95,nan,438.054443359375
858,432.35,nan,420.4881591796875
859,424.45,nan,425.92474365234375
860,426.75,nan,424.869873046875
861,422.45,nan,425.6061706542969
862,424.45,nan,423.2827453613281
863,425.2,nan,424.25775146484375
864,415.05,nan,426.1004943847656
865,415.30000000000007,nan,418.8470764160156
866,413.25,nan,415.9990234375
867,399.2,nan,414.9256286621094
868,401.65,nan,404.2908935546875
869,397.7,nan,401.52294921875
870,404.99999999999994,nan,399.442138671875
871,419.00000000000006,nan,403.90472412109375
872,430.65,nan,416.5186767578125
873,434.4,nan,430.0174255371094
874,434.05,nan,435.9476623535156
875,433.35,nan,435.1750793457031
876,451.85,nan,433.36944580078125
877,450.80000000000007,nan,447.8970947265625
878,433.75,nan,453.6644592285156
879,457.4,nan,439.24957275390625
880,454.6,nan,452.9108581542969
881,453.05,nan,458.6302490234375
882,457.3,nan,456.1054992675781
883,449.9,nan,457.91375732421875
884,471.8,nan,452.66015625
885,466.3999999999999,nan,469.0957336425781
886,478.6,nan,469.9486083984375
887,479.85,nan,477.02447509765625
888,475.75000000000006,nan,479.77099609375
889,481.50000000000006,nan,475.5169372558594
890,484.55,nan,479.8313293457031
891,478.4,nan,484.8470458984375
892,468.55,nan,479.9241943359375
893,483.70000000000005,nan,469.77313232421875
894,477.25000000000006,nan,482.8482666015625
895,474.25,nan,481.2352294921875
896,464.09999999999997,nan,475.3532409667969
897,468.4,nan,465.3305969238281
898,463.25,nan,468.193359375
899,479.45000000000005,nan,465.6556396484375
900,484.9,nan,478.6164245605469
901,479.9,nan,486.01165771484375
902,493.75,nan,479.7787170410156
903,508.95,nan,489.9630126953125
904,503.6,nan,506.9398498535156
905,503.05,nan,503.0457458496094
906,505.15,nan,499.9743957519531
907,504.4,nan,503.93402099609375
908,503.05,nan,505.5704040527344
909,504.2,nan,504.7944641113281
910,516.2,nan,506.08343505859375
911,515.1,nan,517.3685302734375
912,510.65,nan,516.4970703125
913,490.9,nan,509.7749938964844
914,500.3,nan,491.2434997558594
915,507.2,nan,500.5176086425781
916,517.3,nan,510.87908935546875
917,521.6,nan,518.072021484375
918,520.25,nan,519.2582397460938
919,516.15,nan,515.8163452148438
920,509.7,nan,511.7961730957031
921,515.15,nan,507.21563720703125
922,517.1,nan,513.963623046875
923,514.0,nan,517.3876342773438
924,525.3,nan,513.19677734375
925,545.25,nan,522.7088623046875
926,540.25,nan,541.599853515625
927,547.15,nan,534.83544921875
928,565.75,nan,537.868408203125
929,578.25,nan,557.175537109375
930,580.55,nan,567.9556274414062
931,602.65,nan,566.5771484375
932,586.95,nan,585.8440551757812
933,592.3,nan,571.9269409179688
934,596.15,nan,577.767822265625
935,581.35,nan,586.5731201171875
936,576.85,nan,572.7454223632812
937,580.75,nan,570.8746948242188
938,570.8,nan,578.6119384765625
939,570.9,nan,568.1951904296875
940,553.6,nan,566.99951171875
941,579.15,nan,551.8223266601562
942,599.35,nan,575.7509155273438
943,608.85,nan,590.6021728515625
944,600.6,nan,588.2230834960938
945,581.1,nan,576.0005493164062
946,597.3,nan,562.26708984375
947,598.95,nan,585.76611328125
948,590.2,nan,588.0936889648438
949,598.1,nan,574.7551879882812
950,586.25,nan,584.0215454101562
951,593.7,nan,574.7902221679688
952,593.95,nan,581.65625
953,593.85,nan,582.511962890625
954,589.05,nan,579.9974365234375
955,581.35,nan,575.4215087890625
956,570.3,nan,569.7338256835938
957,565.55,nan,561.8590087890625
958,572.95,nan,560.0436401367188
959,579.15,nan,567.7741088867188
960,556.3,nan,570.3497314453125
961,532.2,nan,544.5214233398438
962,541.2,nan,523.6414184570312
963,546.3,nan,540.17138671875
964,539.6,nan,546.0048828125
965,532.8,nan,532.7483520507812
966,525.7,nan,523.176513671875
967,521.75,nan,517.9117431640625
968,525.85,nan,515.3505859375
969,524.2,nan,519.5808715820312
970,522.85,nan,517.318359375
971,529.3,nan,514.2506103515625
972,522.9,nan,520.3984375
973,527.2,nan,514.7990112304688
974,529.95,nan,518.12060546875
975,528.0,nan,522.4838256835938
976,529.25,nan,520.5781860351562
977,523.65,nan,521.705322265625
978,507.75,nan,517.6202392578125
979,522.5,nan,503.1797180175781
980,521.5,nan,518.6337890625
981,517.3,nan,520.6249389648438
982,520.8,nan,512.9881591796875
983,528.25,nan,515.3550415039062
984,532.2,nan,523.3837280273438
985,541.6,nan,526.3671264648438
986,543.0,nan,533.4129638671875
987,545.25,nan,534.25732421875
988,522.45,nan,535.650146484375
989,536.15,nan,515.4977416992188
990,539.35,nan,530.57421875
991,540.75,nan,538.18359375
992,526.45,nan,536.1361083984375
993,530.2,nan,521.0457763671875
994,530.85,nan,525.5549926757812
995,522.6,nan,529.0772094726562
996,527.55,nan,519.9349365234375
997,534.3,nan,523.5287475585938
998,544.3,nan,530.710693359375
999,540.85,nan,538.1085815429688
1000,536.75,nan,nan
