1,443.69999999999993,nan,nan
2,443.05,nan,nan
3,443.95,nan,nan
4,440.6000000000001,nan,nan
5,443.85,nan,nan
6,445.65000000000003,nan,nan
7,450.8,nan,nan
8,455.3500000000001,nan,nan
9,458.8999999999999,nan,nan
10,451.25,nan,nan
11,446.6000000000001,nan,nan
12,436.5,nan,nan
13,419.6,nan,nan
14,422.65,nan,nan
15,426.8,nan,nan
16,432.30000000000007,nan,nan
17,427.45,nan,nan
18,430.85,nan,nan
19,431.90000000000003,nan,nan
20,437.24999999999994,nan,nan
21,449.1,nan,nan
22,437.95,nan,nan
23,443.34999999999997,nan,nan
24,449.65,nan,nan
25,450.5,nan,nan
26,469.55000000000007,nan,nan
27,476.00000000000006,nan,nan
28,481.1,nan,nan
29,481.5,nan,nan
30,481.3,nan,nan
31,476.1499999999999,nan,nan
32,476.65,nan,nan
33,478.74999999999994,nan,nan
34,478.15,nan,nan
35,461.0,nan,nan
36,457.99999999999994,nan,nan
37,460.8,nan,nan
38,467.1,nan,nan
39,456.24999999999994,nan,nan
40,449.55,nan,nan
41,451.95,nan,nan
42,448.3,nan,nan
43,455.75,nan,nan
44,452.35,nan,nan
45,467.40000000000003,nan,nan
46,457.3,nan,nan
47,452.7,nan,nan
48,443.15000000000003,nan,nan
49,442.3,nan,nan
50,442.49999999999994,nan,nan
51,435.59999999999997,nan,nan
52,432.54999999999995,nan,nan
53,430.25000000000006,nan,nan
54,426.8999999999999,nan,nan
55,431.75,nan,nan
56,437.1000000000001,nan,nan
57,436.85,nan,nan
58,446.95000000000005,nan,nan
59,456.95,nan,nan
60,461.0,nan,nan
61,459.05,nan,nan
62,451.3,nan,nan
63,454.15,nan,nan
64,456.15000000000003,nan,nan
65,460.59999999999997,nan,nan
66,460.15,nan,nan
67,464.6,nan,nan
68,464.00000000000006,nan,nan
69,456.1000000000001,nan,nan
70,457.3,nan,nan
71,445.4,nan,nan
72,445.8500000000001,nan,nan
73,444.6,nan,nan
74,446.9,nan,nan
75,440.35,nan,nan
76,431.45000000000005,nan,nan
77,435.59999999999997,nan,nan
78,430.0,nan,nan
79,430.0,nan,nan
80,416.05,nan,nan
81,380.2,nan,nan
82,374.5,nan,nan
83,375.4,nan,nan
84,389.25,nan,nan
85,385.3,nan,nan
86,380.4,nan,nan
87,374.35,nan,nan
88,373.6,nan,nan
89,379.95,nan,nan
90,384.15,nan,nan
91,379.3,nan,nan
92,376.1,nan,nan
93,378.5,nan,nan
94,376.55,nan,nan
95,390.85,nan,nan
96,383.4,nan,nan
97,388.15,nan,nan
98,382.7,nan,nan
99,378.15,nan,nan
100,375.05,nan,nan
101,375.3,394.0072937011719,nan
102,388.25,393.1148986816406,nan
103,389.65,391.89190673828125,nan
104,404.4,390.7961730957031,nan
105,401.75,390.77569580078125,nan
106,404.95,391.87677001953125,nan
107,423.65,394.07159423828125,nan
108,414.8,397.96026611328125,nan
109,413.65,402.81011962890625,nan
110,411.8,407.9137878417969,nan
111,408.2,412.5554504394531,nan
112,411.25,416.07373046875,nan
113,404.9,418.3403015136719,nan
114,401.4,419.0348815917969,nan
115,401.5,418.08843994140625,nan
116,416.0,415.7743835449219,nan
117,423.55,413.22662353515625,nan
118,423.3,411.3823547363281,nan
119,424.85,410.6086120605469,nan
120,425.6,411.04046630859375,nan
121,423.6,412.5584411621094,nan
122,415.5,414.7579345703125,nan
123,420.15,416.8451843261719,nan
124,424.79999999999995,418.6583557128906,nan
125,437.05,420.2741394042969,nan
126,432.30000000000007,422.286865234375,nan
127,433.20000000000005,424.5216979980469,nan
128,426.95,426.8811340332031,nan
129,422.75,428.88037109375,nan
130,416.05,430.1002197265625,nan
131,421.95000000000005,430.0992126464844,nan
132,419.4,429.2020263671875,nan
133,429.9,427.5566101074219,nan
134,436.55,425.9774475097656,nan
135,428.40000000000003,425.16815185546875,nan
136,437.75,424.9433288574219,nan
137,434.9,425.6883544921875,nan
138,447.7,427.18121337890625,nan
139,462.9,429.82171630859375,nan
140,451.8500000000001,434.191162109375,nan
141,438.2,439.44781494140625,nan
142,440.15,444.2370910644531,nan
143,422.55,447.9837646484375,nan
144,418.1000000000001,449.4804382324219,nan
145,414.3,448.3731689453125,nan
146,408.65,444.7732238769531,nan
147,413.45,439.0089111328125,nan
148,421.8,432.0871887207031,nan
149,423.0,425.31744384765625,nan
150,424.24999999999994,419.59112548828125,nan
151,428.59999999999997,415.49505615234375,nan
152,426.25,413.4562683105469,nan
153,425.5,413.3095397949219,nan
154,421.4,414.67974853515625,nan
155,415.95,416.892578125,nan
156,413.95,419.1584777832031,nan
157,404.15,420.94049072265625,nan
158,398.9,421.51202392578125,nan
159,403.65,420.5206604003906,nan
160,402.25,418.36474609375,nan
161,397.05,415.4050598144531,nan
162,402.0,411.8356018066406,nan
163,411.15,408.28460693359375,nan
164,410.15,405.60931396484375,nan
165,406.85,404.0940246582031,nan
166,401.95,403.6222839355469,nan
167,402.4,403.77642822265625,nan
168,405.1,404.2979736328125,nan
169,405.8,405.09991455078125,nan
170,420.1,406.075439453125,nan
171,422.59999999999997,407.8175964355469,nan
172,420.8,410.4486083984375,nan
173,422.0,413.6943359375,nan
174,424.2,417.2695007324219,nan
175,422.45,420.9269104003906,nan
176,418.6,424.2659912109375,nan
177,431.85,426.81475830078125,nan
178,424.45,429.0505065917969,nan
179,439.30000000000007,430.6610107421875,nan
180,433.9,432.3428649902344,nan
181,429.94999999999993,433.9369812011719,nan
182,431.6,435.1610412597656,nan
183,433.55,435.98046875,nan
184,437.55000000000007,436.4664611816406,nan
185,433.30000000000007,436.8548278808594,nan
186,434.74999999999994,436.9986572265625,nan
187,437.1000000000001,436.9628601074219,nan
188,432.35,436.89959716796875,nan
189,421.9,436.6210021972656,nan
190,422.94999999999993,435.5896911621094,nan
191,418.95,433.8365478515625,nan
192,418.05,431.3310546875,nan
193,421.9,428.26556396484375,nan
194,418.00000000000006,425.1452331542969,nan
195,403.6,422.1315002441406,nan
196,400.3,418.7408142089844,nan
197,399.25,414.89654541015625,nan
198,395.85,410.7527160644531,nan
199,399.5,406.4450378417969,nan
200,393.65,402.46136474609375,nan
201,383.75,398.85382080078125,nan
202,395.8,395.3258972167969,nan
203,375.45,392.53857421875,nan
204,377.8,389.7411193847656,nan
205,374.85,386.9802551269531,nan
206,368.75,384.2205810546875,nan
207,371.8,381.302001953125,nan
208,376.85,378.4935607910156,nan
209,375.8,376.2513427734375,nan
210,370.75,374.73675537109375,nan
211,368.75,373.76654052734375,nan
212,369.3,373.1543273925781,nan
213,364.45,372.8155517578125,nan
214,358.5,372.4432373046875,nan
215,360.2,371.6585388183594,nan
216,372.05,370.486083984375,nan
217,372.55,369.58355712890625,nan
218,369.9,369.2129211425781,nan
219,370.75,369.3203125,nan
220,352.05,369.8562927246094,nan
221,346.5,369.7981872558594,nan
222,347.8,368.5891418457031,nan
223,345.15,366.2469787597656,nan
224,341.5,362.8953857421875,nan
225,352.6,358.7265625,nan
226,353.15,354.6533508300781,nan
227,354.05,351.21282958984375,nan
228,353.1,348.7542724609375,nan
229,339.75,347.34454345703125,nan
230,335.7,346.2939758300781,nan
231,338.8,345.13372802734375,nan
232,333.85,343.8380432128906,nan
233,338.2,342.2093505859375,nan
234,330.85,340.49859619140625,nan
235,332.35,338.5487365722656,nan
236,331.15,336.51666259765625,nan
237,326.85,334.5040588378906,nan
238,339.15,332.4524841308594,nan
239,343.1,330.9948425292969,nan
240,355.6,330.5118408203125,nan
241,362.2,331.6212463378906,nan
242,364.1,334.58807373046875,nan
243,358.3,339.21258544921875,nan
244,353.25,344.67962646484375,nan
245,355.8,350.02032470703125,nan
246,358.4,354.6891174316406,nan
247,357.05,358.42242431640625,nan
248,339.15,361.0006103515625,nan
249,336.45,361.55609130859375,nan
250,334.8,359.9439697265625,nan
251,334.25,356.4064636230469,nan
252,336.0,351.46759033203125,nan
253,334.05,345.8638610839844,nan
254,331.55,340.1682434082031,nan
255,328.6,334.79266357421875,nan
256,330.25,329.97503662109375,nan
257,336.9,326.0167541503906,nan
258,340.4,323.3682861328125,nan
259,336.05,322.278076171875,nan
260,333.5,322.4765625,nan
261,334.4,323.5500793457031,nan
262,335.15,325.1768798828125,nan
263,332.15,327.08404541015625,nan
264,341.95,328.8914794921875,nan
265,333.6,330.83099365234375,nan
266,330.8,332.4960021972656,nan
267,323.6,333.6042785644531,nan
268,310.1,333.74847412109375,nan
269,310.25,332.3065185546875,nan
270,314.9,329.3579406738281,nan
271,304.6,325.47955322265625,nan
272,295.9,320.77044677734375,nan
273,307.7,315.2815856933594,nan
274,309.45,309.9136657714844,nan
275,288.65,305.2928161621094,nan
276,294.15,300.9117431640625,nan
277,296.3,296.9939270019531,nan
278,294.65,293.7663269042969,nan
279,288.9,291.2815246582031,nan
280,282.5,289.3238830566406,nan
281,287.2,287.5483093261719,nan
282,286.65,286.0469970703125,nan
283,284.95,284.8357849121094,nan
284,295.65,283.8687438964844,nan
285,305.4,283.57720947265625,nan
286,309.95,284.4465026855469,nan
287,309.75,286.67901611328125,nan
288,307.8,290.0765075683594,nan
289,308.4,294.156005859375,nan
290,305.9,298.4404296875,nan
291,302.95,302.3689880371094,nan
292,308.8,305.4365234375,nan
293,305.05,307.66033935546875,nan
294,305.6,308.888427734375,nan
295,307.0,309.18975830078125,nan
296,308.0,308.7731018066406,nan
297,289.4,307.89013671875,nan
298,276.85,305.95263671875,nan
299,271.05,302.46063232421875,nan
300,263.35,297.3401794433594,nan
301,269.3,290.69891357421875,nan
302,266.7,283.3516540527344,nan
303,269.45,275.9446105957031,nan
304,267.05,269.2098388671875,nan
305,261.55,263.55126953125,nan
306,270.85,259.0170593261719,nan
307,273.5,256.0087585449219,nan
308,275.45,254.67266845703125,nan
309,267.8,254.9641571044922,nan
310,266.1,256.31756591796875,nan
311,263.6,258.21331787109375,nan
312,252.09999999999997,260.1490783691406,nan
313,257.95,261.3608703613281,nan
314,251.85,261.81396484375,nan
315,252.5,261.33197021484375,nan
316,253.40000000000003,260.0511169433594,nan
317,258.75,258.2438659667969,nan
318,258.8,256.39605712890625,nan
319,257.85,254.80514526367188,nan
320,258.25,253.6024932861328,nan
321,268.15,252.84986877441406,nan
322,267.5,252.90426635742188,nan
323,264.1,253.752685546875,nan
324,265.05,255.10838317871094,nan
325,260.85,256.74090576171875,nan
326,258.45,258.25128173828125,nan
327,254.05000000000004,259.31488037109375,nan
328,251.60000000000002,259.6252746582031,nan
329,255.14999999999998,259.0482177734375,nan
330,257.85,257.8145751953125,nan
331,250.1,256.2710266113281,nan
332,248.7,254.38790893554688,nan
333,248.8,252.24737548828125,nan
334,251.3,250.005859375,nan
335,258.25,247.92469787597656,nan
336,270.1,246.4340362548828,nan
337,268.8,246.13893127441406,nan
338,256.9,247.0939178466797,nan
339,255.5,248.663330078125,nan
340,258.8,250.359375,nan
341,260.0,251.9708709716797,nan
342,261.7,253.37481689453125,nan
343,259.35,254.55612182617188,nan
344,267.5,255.4061279296875,nan
345,266.6,256.2198486328125,nan
346,261.95,257.05621337890625,nan
347,266.5,257.7389831542969,nan
348,269.95,258.3706970214844,nan
349,277.4,259.09686279296875,nan
350,275.7,260.2291259765625,nan
351,267.3,261.7267761230469,nan
352,262.4,263.1341552734375,nan
353,266.6,264.0150451660156,nan
354,260.25,264.3704833984375,nan
355,251.49999999999997,263.9909362792969,nan
356,252.59999999999997,262.5841979980469,nan
357,250.35000000000002,260.2923583984375,nan
358,240.19999999999996,257.3106384277344,nan
359,240.8,253.57818603515625,nan
360,233.35,249.38458251953125,nan
361,225.25,244.81439208984375,nan
362,223.70000000000002,239.8701629638672,nan
363,229.35,234.76454162597656,nan
364,227.6,230.0155029296875,nan
365,223.25,225.9176788330078,nan
366,216.25,222.52883911132812,nan
367,212.34999999999997,219.6665802001953,nan
368,184.35,217.14962768554688,nan
369,188.75000000000003,213.985595703125,nan
370,182.95,210.12832641601562,nan
371,183.75,205.58912658691406,nan
372,184.35,200.69149780273438,nan
373,185.85,195.84535217285156,nan
374,179.95,191.46534729003906,nan
375,174.7,187.6565399169922,nan
376,170.75,184.36727905273438,nan
377,170.65,181.48875427246094,nan
378,170.65,178.99742126464844,nan
379,165.35,176.90037536621094,nan
380,168.5,175.0527801513672,nan
381,175.35,173.50408935546875,nan
382,177.25,172.47756958007812,nan
383,179.10000000000002,172.0899200439453,nan
384,179.45,172.37448120117188,nan
385,190.3,173.2467498779297,nan
386,189.8,174.87095642089844,nan
387,193.25,177.13540649414062,nan
388,194.85,179.9218292236328,nan
389,195.25000000000003,183.03857421875,nan
390,186.05,186.23666381835938,nan
391,179.5,188.96299743652344,nan
392,176.8,190.70556640625,nan
393,180.2,191.20289611816406,nan
394,179.90000000000003,190.596435546875,nan
395,184.60000000000002,189.12417602539062,nan
396,183.75,187.23348999023438,nan
397,184.15000000000003,185.23721313476562,nan
398,182.55,183.38619995117188,nan
399,181.75,181.7886505126953,nan
400,180.05000000000004,180.48390197753906,nan
401,174.45000000000002,179.43141174316406,nan
402,177.25,178.4324493408203,nan
403,171.95000000000002,177.5015869140625,nan
404,175.45,176.49691772460938,nan
405,175.75000000000003,175.50808715820312,nan
406,169.2,174.61468505859375,nan
407,162.65,173.68063354492188,nan
408,162.4,172.49314880371094,nan
409,157.1,171.0248260498047,nan
410,158.1,169.1973419189453,nan
411,164.1,167.12660217285156,nan
412,166.85,165.14857482910156,nan
413,166.95,163.55885314941406,nan
414,173.95,162.50775146484375,nan
415,174.75,162.2316131591797,nan
416,173.90000000000003,162.76370239257812,nan
417,176.40000000000003,163.96405029296875,nan
418,176.25000000000003,165.6982879638672,nan
419,172.5,167.75332641601562,nan
420,170.90000000000003,169.79246520996094,nan
421,168.25,171.53280639648438,nan
422,170.85000000000002,172.735595703125,nan
423,172.70000000000002,173.4000244140625,nan
424,173.45,173.6357421875,nan
425,168.55,173.57716369628906,nan
426,166.05,173.19223022460938,nan
427,170.95000000000002,172.45738220214844,nan
428,175.35,171.58056640625,nan
429,179.95,170.83570861816406,nan
430,183.05,170.4976806640625,nan
431,185.75000000000003,170.7453155517578,nan
432,180.3,171.65402221679688,nan
433,182.4,172.9654998779297,nan
434,185.35,174.51292419433594,nan
435,185.45,176.20513916015625,nan
436,184.9,177.9153289794922,nan
437,183.3,179.50331115722656,nan
438,181.50000000000003,180.81422424316406,nan
439,180.85000000000002,181.7130584716797,nan
440,180.25,182.1449432373047,nan
441,175.4,182.11990356445312,nan
442,173.25000000000003,181.56427001953125,nan
443,172.30000000000004,180.4829559326172,nan
444,173.6,178.9673614501953,nan
445,174.6,177.22048950195312,nan
446,181.2,175.46621704101562,nan
447,181.65000000000003,174.07516479492188,nan
448,180.25,173.23214721679688,nan
449,175.80000000000004,172.9393310546875,nan
450,178.5,172.9939422607422,nan
451,182.85000000000002,173.32496643066406,nan
452,150.7,173.9690704345703,nan
453,152.65,173.9014892578125,nan
454,151.8,172.82896423339844,nan
455,155.0,170.75466918945312,nan
456,159.85,168.00355529785156,nan
457,161.65,165.07534790039062,nan
458,162.9,162.39724731445312,nan
459,163.75,160.27439880371094,nan
460,164.8,158.87222290039062,nan
461,169.70000000000002,158.2417755126953,nan
462,174.3,158.45245361328125,nan
463,175.75000000000003,159.53701782226562,nan
464,182.65,161.3911895751953,nan
465,177.35000000000002,163.99493408203125,nan
466,177.45000000000002,166.9822235107422,nan
467,180.3,170.02130126953125,nan
468,194.05000000000004,172.91502380371094,nan
469,188.80000000000004,175.90463256835938,nan
470,189.30000000000004,178.82444763183594,nan
471,181.2,181.5331268310547,nan
472,181.85,183.63705444335938,nan
473,184.8,184.98153686523438,nan
474,181.7,185.63816833496094,nan
475,179.55,185.61822509765625,nan
476,180.0,184.96803283691406,nan
477,182.25000000000003,183.84230041503906,nan
478,182.85000000000002,182.49351501464844,nan
479,180.2,181.1398162841797,nan
480,175.4,179.85365295410156,nan
481,171.3,178.559814453125,nan
482,173.1,177.14402770996094,nan
483,169.85,175.67140197753906,nan
484,170.55000000000004,174.12974548339844,nan
485,174.25,172.6043701171875,nan
486,187.35,171.29779052734375,nan
487,202.95000000000002,170.71249389648438,nan
488,201.35,171.47943115234375,nan
489,206.15,173.65371704101562,nan
490,205.15,177.16091918945312,nan
491,200.55000000000004,181.62022399902344,nan
492,205.90000000000003,186.3994903564453,nan
493,216.04999999999998,191.13975524902344,nan
494,218.19999999999996,195.8228302001953,nan
495,215.95000000000002,200.34756469726562,nan
496,231.75,204.4589080810547,nan
497,230.5,208.49671936035156,nan
498,236.25000000000003,212.42709350585938,nan
499,234.84999999999997,216.32476806640625,nan
500,231.65,220.02635192871094,nan
501,223.59999999999997,223.22837829589844,nan
502,221.84999999999997,225.44212341308594,nan
503,215.6,226.4376220703125,nan
504,214.29999999999998,226.01788330078125,nan
505,207.30000000000004,224.28591918945312,nan
506,209.45000000000002,221.31338500976562,nan
507,199.8,217.53196716308594,nan
508,190.95000000000002,213.0789031982422,nan
509,185.10000000000002,208.02175903320312,nan
510,186.35000000000002,202.4991912841797,nan
511,185.90000000000003,196.90025329589844,nan
512,180.75,191.6066131591797,nan
513,184.50000000000003,186.7901611328125,nan
514,169.45,182.76136779785156,nan
515,175.4,179.23162841796875,nan
516,176.85000000000002,176.31735229492188,nan
517,190.15,174.1142578125,nan
518,176.8,173.0446319580078,nan
519,179.10000000000002,172.7866668701172,nan
520,175.15000000000003,173.1727752685547,nan
521,182.30000000000004,173.8890838623047,nan
522,181.35,174.9302215576172,nan
523,180.25,176.17703247070312,nan
524,176.35000000000002,177.47476196289062,nan
525,175.15000000000003,178.58013916015625,nan
526,172.60000000000002,179.3303680419922,nan
527,174.50000000000003,179.59165954589844,nan
528,173.25000000000003,179.41995239257812,nan
529,169.70000000000002,178.8700408935547,nan
530,169.5,177.93756103515625,nan
531,166.2,176.70384216308594,nan
532,170.75,175.19068908691406,nan
533,169.05,173.63531494140625,nan
534,167.4,172.15069580078125,nan
535,164.2,170.78285217285156,nan
536,158.75,169.48472595214844,nan
537,158.3,168.10330200195312,nan
538,154.65,166.60699462890625,nan
539,159.25,164.93539428710938,nan
540,158.9,163.27342224121094,nan
541,159.3,161.74954223632812,nan
542,160.45,160.47215270996094,nan
543,161.1,159.53346252441406,nan
544,165.85,158.97727966308594,nan
545,162.55,158.92137145996094,nan
546,168.0,159.2550506591797,nan
547,163.75,160.01446533203125,nan
548,162.3,161.00088500976562,nan
549,165.2,162.01036071777344,nan
550,160.2,162.9842529296875,nan
551,154.55,163.7156524658203,nan
552,155.8,163.95404052734375,nan
553,151.65,163.67799377441406,nan
554,156.8,162.83963012695312,nan
555,159.3,161.67941284179688,nan
556,160.95,160.46878051757812,nan
557,170.0,159.43875122070312,nan
558,167.9,158.96920776367188,nan
559,160.75,159.11761474609375,nan
560,154.85,159.61639404296875,nan
561,156.75,160.09242248535156,nan
562,156.2,160.39404296875,nan
563,151.25,160.43572998046875,nan
564,144.3,160.0721435546875,nan
565,147.15,159.1138916015625,nan
566,137.55,157.67457580566406,nan
567,133.45,155.66127014160156,nan
568,135.6,153.0830535888672,nan
569,129.55,150.17483520507812,nan
570,130.7,147.03488159179688,nan
571,123.75000000000001,143.88607788085938,nan
572,122.49999999999999,140.75927734375,nan
573,117.4,137.73883056640625,nan
574,124.05,134.81509399414062,nan
575,122.05,132.22740173339844,nan
576,121.95000000000002,130.0724334716797,nan
577,120.9,128.403564453125,nan
578,121.35,127.20230102539062,nan
579,120.8,126.43872833251953,nan
580,123.85,126.04297637939453,nan
581,112.4,126.01307678222656,nan
582,107.69999999999999,126.01368713378906,nan
583,111.05,125.75567626953125,nan
584,110.55,125.21488952636719,nan
585,120.34999999999998,124.42301940917969,nan
586,116.35,123.6971206665039,nan
587,114.3,123.1166000366211,nan
588,116.7,122.67320251464844,nan
589,112.65,122.41043090820312,nan
590,109.50000000000001,122.22907257080078,nan
591,118.04999999999998,121.99220275878906,nan
592,121.25,121.84555053710938,nan
593,121.9,121.92875671386719,nan
594,134.35,122.29580688476562,nan
595,127.95,123.2283935546875,nan
596,129.55,124.60481262207031,nan
597,128.6,126.29795837402344,nan
598,122.0,128.1134490966797,nan
599,121.75,129.70425415039062,nan
600,124.2,130.8646697998047,nan
601,133.25,131.5734405517578,nan
602,127.90000000000002,132.09359741210938,nan
603,130.9,132.43597412109375,nan
604,123.04999999999998,132.70468139648438,nan
605,124.5,132.75128173828125,nan
606,119.90000000000002,132.5688018798828,nan
607,117.44999999999999,132.07017517089844,nan
608,115.3,131.21205139160156,nan
609,122.4,129.99769592285156,nan
610,119.65000000000002,128.69598388671875,nan
611,117.50000000000001,127.42707824707031,nan
612,120.9,126.23833465576172,nan
613,116.8,125.2621841430664,nan
614,121.29999999999998,124.46257781982422,nan
615,127.85000000000001,123.9312515258789,nan
616,126.94999999999999,123.85121154785156,nan
617,125.85,124.23416137695312,nan
618,139.5,124.98464965820312,nan
619,136.85,126.31945037841797,nan
620,131.75,128.16061401367188,nan
621,132.65,130.21507263183594,nan
622,133.5,132.25872802734375,nan
623,126.85,134.13143920898438,nan
624,147.7,135.54345703125,nan
625,172.45,136.91671752929688,nan
626,171.9,139.08489990234375,nan
627,177.7,142.30368041992188,nan
628,175.05,146.64285278320312,nan
629,172.2,151.76809692382812,nan
630,172.0,157.13905334472656,nan
631,174.50000000000003,162.2445831298828,nan
632,171.50000000000003,166.75247192382812,nan
633,169.05,170.33004760742188,nan
634,172.0,172.75421142578125,nan
635,170.6,174.09530639648438,nan
636,167.05,174.46115112304688,nan
637,168.55,173.93975830078125,nan
638,170.1,172.77806091308594,nan
639,167.75,171.2777099609375,nan
640,167.4,169.61917114257812,nan
641,164.15,167.9649200439453,nan
642,162.35,166.353515625,nan
643,166.1,164.80198669433594,nan
644,163.4,163.47105407714844,nan
645,165.9,162.3708953857422,nan
646,164.8,161.58990478515625,nan
647,161.5,161.1204376220703,nan
648,161.05,160.84072875976562,nan
649,158.2,160.6660614013672,nan
650,169.4,160.46624755859375,nan
651,166.1,160.51556396484375,nan
652,161.5,160.8142852783203,nan
653,160.5,161.1999053955078,nan
654,159.7,161.54412841796875,nan
655,161.8,161.7548065185547,nan
656,173.35000000000002,161.86109924316406,nan
657,176.70000000000002,162.22352600097656,nan
658,174.95000000000002,163.06802368164062,nan
659,180.2,164.36875915527344,nan
660,174.8,166.16432189941406,nan
661,179.15,168.1744842529297,nan
662,175.95,170.29339599609375,nan
663,176.05,172.27249145507812,nan
664,175.5,173.94564819335938,nan
665,174.6,175.1976776123047,nan
666,176.15,175.96331787109375,nan
667,183.7,176.3046112060547,nan
668,185.15000000000003,176.5323486328125,nan
669,184.45000000000002,176.84829711914062,nan
670,193.75,177.31204223632812,nan
671,191.10000000000002,178.20376586914062,nan
672,185.65,179.4747772216797,nan
673,184.7,180.83663940429688,nan
674,182.55,182.05577087402344,nan
675,192.0,182.91944885253906,nan
676,196.35000000000002,183.6410369873047,nan
677,196.25,184.447509765625,nan
678,195.85000000000002,185.41354370117188,nan
679,200.35,186.51455688476562,nan
680,197.55,187.82601928710938,nan
681,197.3,189.21151733398438,nan
682,195.0,190.54168701171875,nan
683,191.4,191.63677978515625,nan
684,185.60000000000002,192.2899932861328,nan
685,188.4,192.2598876953125,nan
686,186.5,191.63050842285156,nan
687,182.20000000000002,190.4899444580078,nan
688,176.1,188.87249755859375,nan
689,188.05,186.74420166015625,nan
690,186.20000000000002,184.62191772460938,nan
691,176.6,182.7548065185547,nan
692,165.6,181.00999450683594,nan
693,163.85,179.0439453125,nan
694,165.7,176.7464599609375,nan
695,183.75,174.2430419921875,nan
696,178.85,172.2447967529297,nan
697,173.6,170.93736267089844,nan
698,168.9,170.2245330810547,nan
699,169.75000000000003,169.86264038085938,nan
700,170.95000000000002,nan,nan
701,169.5,nan,nan
702,169.1,nan,nan
703,169.1,nan,nan
704,161.6,nan,nan
705,158.05,nan,nan
706,158.5,nan,nan
707,150.65,nan,nan
708,149.9,nan,nan
709,144.55,nan,nan
710,145.25,nan,nan
711,128.95,nan,nan
712,125.4,nan,nan
713,130.35,nan,nan
714,126.2,nan,nan
715,125.74999999999999,nan,nan
716,114.19999999999999,nan,nan
717,105.70000000000002,nan,nan
718,98.9,nan,nan
719,88.0,nan,nan
720,89.75,nan,nan
721,82.95,nan,nan
722,77.95,nan,nan
723,75.5,nan,nan
724,72.95,nan,nan
725,77.3,nan,nan
726,66.2,nan,nan
727,68.55,nan,nan
728,70.25,nan,nan
729,70.8,nan,nan
730,70.7,nan,nan
731,68.15,nan,nan
732,71.05,nan,nan
733,67.95,nan,nan
734,65.3,nan,nan
735,67.25,nan,nan
736,67.6,nan,nan
737,74.6,nan,nan
738,74.25,nan,nan
739,72.9,nan,nan
740,74.65,nan,nan
741,76.85,nan,nan
742,80.45,nan,nan
743,74.65,nan,nan
744,75.9,nan,nan
745,75.65,nan,nan
746,74.2,nan,nan
747,75.25,nan,nan
748,76.95,nan,nan
749,78.15,nan,nan
750,93.25,nan,nan
751,83.9,nan,nan
752,80.9,nan,nan
753,83.2,nan,nan
754,82.5,nan,nan
755,81.05,nan,nan
756,86.1,nan,nan
757,86.2,nan,nan
758,87.2,nan,nan
759,83.8,nan,nan
760,84.35,nan,nan
761,80.65,nan,nan
762,81.8,nan,nan
763,83.45,nan,nan
764,84.1,nan,nan
765,82.8,nan,nan
766,83.1,nan,nan
767,84.55,nan,nan
768,87.0,nan,nan
769,87.0,nan,nan
770,89.55,nan,nan
771,96.5,nan,nan
772,98.75,nan,nan
773,98.5,nan,nan
774,110.75,nan,nan
775,115.45000000000002,nan,nan
776,111.45,nan,nan
777,111.4,nan,nan
778,106.15,nan,nan
779,105.29999999999998,nan,nan
780,100.5,nan,nan
781,94.75,nan,nan
782,95.4,nan,nan
783,96.35,nan,nan
784,102.5,nan,nan
785,102.65,nan,nan
786,104.4,nan,nan
787,104.8,nan,nan
788,103.8,nan,nan
789,101.4,nan,nan
790,99.45,nan,nan
791,98.25,nan,nan
792,100.75,nan,nan
793,101.55,nan,nan
794,103.45,nan,nan
795,109.0,nan,nan
796,109.05,nan,nan
797,105.35,nan,nan
798,106.95,nan,nan
799,107.6,nan,nan
800,107.99999999999999,nan,nan
801,105.15,nan,113.30852508544922
802,103.2,nan,113.99817657470703
803,102.95,nan,114.4429931640625
804,106.4,nan,114.60588073730469
805,105.05000000000001,nan,114.5850830078125
806,108.45,nan,114.42884063720703
807,105.15,nan,114.2682876586914
808,106.05,nan,114.09994506835938
809,103.75,nan,113.94940185546875
810,101.7,nan,113.77606201171875
811,106.45,nan,113.51839447021484
812,105.75,nan,113.2734375
813,103.65,nan,113.0802001953125
814,104.65,nan,112.9102554321289
815,113.05000000000001,nan,112.77374267578125
816,111.45,nan,112.87010192871094
817,115.39999999999999,nan,113.23133850097656
818,116.8,nan,113.9215316772461
819,119.1,nan,114.94010925292969
820,123.85,nan,116.26532745361328
821,122.3,nan,117.91741943359375
822,125.35,nan,119.77411651611328
823,131.15,nan,121.76227569580078
824,124.60000000000001,nan,123.90814208984375
825,123.55,nan,125.97402954101562
826,125.6,nan,127.75981140136719
827,125.15,nan,129.19593811035156
828,121.70000000000002,nan,130.24032592773438
829,120.9,nan,130.8105926513672
830,121.2,nan,130.89830017089844
831,127.1,nan,130.57518005371094
832,137.9,nan,130.09735107421875
833,144.25,nan,129.90525817871094
834,142.8,nan,130.35342407226562
835,143.2,nan,131.4875946044922
836,143.8,nan,133.2107696533203
837,150.3,nan,135.345947265625
838,151.85,nan,137.84410095214844
839,147.8,nan,140.58773803710938
840,149.4,nan,143.28616333007812
841,142.3,nan,145.75657653808594
842,140.1,nan,147.66107177734375
843,143.3,nan,148.79443359375
844,144.3,nan,149.21913146972656
845,148.55,nan,149.08651733398438
846,148.4,nan,148.6820526123047
847,151.45,nan,148.2012176513672
848,147.65,nan,147.8572235107422
849,147.9,nan,147.64349365234375
850,137.45,nan,147.55348205566406
851,133.1,nan,147.2794189453125
852,131.4,nan,146.5899200439453
853,122.80000000000001,nan,145.40599060058594
854,127.24999999999999,nan,143.5749053955078
855,132.85,nan,141.30450439453125
856,131.7,nan,138.98146057128906
857,133.3,nan,136.85618591308594
858,133.5,nan,135.14154052734375
859,133.9,nan,133.94525146484375
860,144.75,nan,133.29483032226562
861,141.0,nan,133.42343139648438
862,140.95,nan,134.2364044189453
863,138.45,nan,135.5670928955078
864,135.9,nan,137.1466827392578
865,134.1,nan,138.6835174560547
866,130.7,nan,139.93771362304688
867,126.94999999999999,nan,140.69931030273438
868,127.75,nan,140.81495666503906
869,128.25,nan,140.3241729736328
870,129.65,nan,139.3675537109375
871,130.25,nan,138.15504455566406
872,133.5,nan,136.88595581054688
873,137.0,nan,135.79302978515625
874,133.7,nan,135.09011840820312
875,135.65,nan,134.76409912109375
876,134.8,nan,134.8128204345703
877,131.9,nan,135.15110778808594
878,132.65,nan,135.60467529296875
879,132.85,nan,136.07081604003906
880,134.1,nan,136.48291015625
881,135.9,nan,136.8347625732422
882,137.65,nan,137.1688690185547
883,139.0,nan,137.54615783691406
884,141.0,nan,138.0165252685547
885,146.0,nan,138.6304931640625
886,150.95,nan,139.505615234375
887,151.2,nan,140.76768493652344
888,146.35,nan,142.39295959472656
889,148.85,nan,144.1346435546875
890,158.0,nan,145.86080932617188
891,173.5,nan,147.69557189941406
892,167.95,nan,150.0565948486328
893,169.1,nan,152.8522491455078
894,170.7,nan,155.9286346435547
895,172.05,nan,159.1063995361328
896,171.45000000000002,nan,162.2079315185547
897,173.75,nan,165.02867126464844
898,180.35000000000002,nan,167.4787139892578
899,179.75000000000003,nan,169.6798858642578
900,183.6,nan,171.6337127685547
901,184.85,nan,173.4344940185547
902,184.15000000000003,nan,175.12557983398438
903,183.55000000000004,nan,176.6657257080078
904,181.80000000000004,nan,177.98497009277344
905,182.70000000000002,nan,178.9793701171875
906,177.6,nan,179.63890075683594
907,178.85,nan,179.82460021972656
908,177.65,nan,179.57907104492188
909,178.9,nan,178.9568634033203
910,182.55,nan,178.10662841796875
911,181.7,nan,177.27870178222656
912,180.55000000000004,nan,176.5963897705078
913,164.55,nan,176.09490966796875
914,164.95,nan,175.29934692382812
915,169.2,nan,174.0807342529297
916,175.95,nan,172.5994415283203
917,186.35000000000002,nan,171.22361755371094
918,183.45,nan,170.47909545898438
919,184.15000000000003,nan,170.47705078125
920,183.85000000000002,nan,171.20358276367188
921,186.5,nan,172.51272583007812
922,191.30000000000004,nan,174.2830047607422
923,193.2,nan,176.47096252441406
924,195.40000000000003,nan,178.97723388671875
925,196.75,nan,181.69329833984375
926,198.15000000000003,nan,184.4855194091797
927,220.65,nan,187.22589111328125
928,237.8,nan,190.4933624267578
929,242.59999999999997,nan,194.93992614746094
930,245.10000000000002,nan,200.74734497070312
931,260.3,nan,207.71597290039062
932,245.95,nan,215.87631225585938
933,258.65,nan,224.21502685546875
934,274.9,nan,232.38555908203125
935,290.6,nan,240.50453186035156
936,289.35,nan,248.91612243652344
937,279.15,nan,257.35980224609375
938,267.5,nan,264.97540283203125
939,266.8,nan,270.7040100097656
940,262.7,nan,274.07427978515625
941,279.6,nan,274.89874267578125
942,322.0,nan,274.1407165527344
943,331.0,nan,274.1945495605469
944,326.15,nan,276.3587341308594
945,315.9,nan,280.71038818359375
946,335.95,nan,286.3861083984375
947,325.05,nan,293.4258117675781
948,328.9,nan,300.7629699707031
949,325.0,nan,307.7578430175781
950,325.4,nan,313.6623840332031
951,333.35,nan,318.0862121582031
952,329.2,nan,321.2538757324219
953,330.15,nan,323.126953125
954,323.85,nan,323.89947509765625
955,311.85,nan,323.5243225097656
956,304.5,nan,321.67840576171875
957,324.0,nan,318.2495422363281
958,321.65,nan,314.45098876953125
959,333.15,nan,310.86749267578125
960,322.95,nan,308.4431457519531
961,328.3,nan,307.073974609375
962,345.75,nan,306.9180908203125
963,348.5,nan,308.62310791015625
964,339.2,nan,312.2214050292969
965,325.15,nan,316.9109191894531
966,321.25,nan,321.3757019042969
967,315.2,nan,324.7254943847656
968,321.45,nan,326.31158447265625
969,317.55,nan,326.3575439453125
970,318.55,nan,325.01806640625
971,319.95,nan,322.73150634765625
972,305.8,nan,320.0190124511719
973,307.0,nan,316.6931457519531
974,308.95,nan,313.0256042480469
975,303.05,nan,309.40948486328125
976,307.4,nan,305.90716552734375
977,294.45,nan,302.8901062011719
978,285.55,nan,300.00994873046875
979,296.4,nan,296.88653564453125
980,297.05,nan,293.98297119140625
981,301.8,nan,291.57513427734375
982,307.75,nan,290.031982421875
983,305.05,nan,289.7073974609375
984,307.75,nan,290.48358154296875
985,307.8,nan,292.24835205078125
986,313.95,nan,294.7222595214844
987,318.2,nan,297.8315734863281
988,286.55,nan,301.48187255859375
989,302.85,nan,304.0196533203125
990,303.5,nan,305.55926513671875
991,310.0,nan,306.1637268066406
992,301.4,nan,306.2706604003906
993,298.05,nan,305.7697448730469
994,294.55,nan,304.6220703125
995,294.0,nan,302.80316162109375
996,295.4,nan,300.4521179199219
997,301.5,nan,297.8556823730469
998,305.9,nan,295.53118896484375
999,301.9,nan,293.9313049316406
1000,293.85,nan,nan
