1,17687.95,nan,nan
2,17539.5,nan,nan
3,17504.9,nan,nan
4,17595.85,nan,nan
5,18603.15,nan,nan
6,19058.55,nan,nan
7,19280.45,nan,nan
8,19352.55,nan,nan
9,19187.55,nan,nan
10,19218.55,nan,nan
11,19638.65,nan,nan
12,19439.3,nan,nan
13,19330.7,nan,nan
14,19406.5,nan,nan
15,19512.3,nan,nan
16,19594.2,nan,nan
17,19921.9,nan,nan
18,19736.8,nan,nan
19,20234.0,nan,nan
20,19944.7,nan,nan
21,18869.95,nan,nan
22,18803.0,nan,nan
23,18664.1,nan,nan
24,18263.35,nan,nan
25,17846.55,nan,nan
26,17404.95,nan,nan
27,17614.15,nan,nan
28,17629.3,nan,nan
29,17784.0,nan,nan
30,17927.1,nan,nan
31,18004.85,nan,nan
32,17666.75,nan,nan
33,17971.85,nan,nan
34,18634.65,nan,nan
35,18160.1,nan,nan
36,18088.6,nan,nan
37,18024.15,nan,nan
38,18154.3,nan,nan
39,18152.95,nan,nan
40,18093.65,nan,nan
41,17885.75,nan,nan
42,17949.7,nan,nan
43,17786.15,nan,nan
44,17699.0,nan,nan
45,17591.55,nan,nan
46,17376.7,nan,nan
47,17337.85,nan,nan
48,16935.6,nan,nan
49,16691.4,nan,nan
50,16596.95,nan,nan
51,16690.05,nan,nan
52,16953.3,nan,nan
53,17633.75,nan,nan
54,17690.1,nan,nan
55,17958.0,nan,nan
56,18040.1,nan,nan
57,18365.8,nan,nan
58,18250.45,nan,nan
59,18401.000000000004,nan,nan
60,18492.8,nan,nan
61,18819.4,nan,nan
62,18596.9,nan,nan
63,18111.0,nan,nan
64,18315.05,nan,nan
65,18256.65,nan,nan
66,17870.75,nan,nan
67,17683.05,nan,nan
68,17695.95,nan,nan
69,17589.0,nan,nan
70,17460.7,nan,nan
71,17514.45,nan,nan
72,17495.4,nan,nan
73,18601.7,nan,nan
74,18631.699999999997,nan,nan
75,18426.55,nan,nan
76,18134.65,nan,nan
77,18059.75,nan,nan
78,18122.85,nan,nan
79,17767.65,nan,nan
80,17945.95,nan,nan
81,17336.3,nan,nan
82,17524.1,nan,nan
83,17544.15,nan,nan
84,17494.1,nan,nan
85,17296.45,nan,nan
86,17347.95,nan,nan
87,17128.8,nan,nan
88,17181.1,nan,nan
89,17166.2,nan,nan
90,16992.1,nan,nan
91,17565.4,nan,nan
92,17363.15,nan,nan
93,17699.55,nan,nan
94,17591.05,nan,nan
95,17795.4,nan,nan
96,17864.0,nan,nan
97,18058.5,nan,nan
98,18342.35,nan,nan
99,18556.75,nan,nan
100,18738.800000000003,nan,nan
101,18797.55,18408.40625,nan
102,18940.7,18588.0390625,nan
103,18869.0,18746.88671875,nan
104,18800.65,18851.849609375,nan
105,18644.2,18886.1875,nan
106,18540.25,18840.853515625,nan
107,18485.9,18734.02734375,nan
108,18429.3,18601.884765625,nan
109,18421.2,18476.232421875,nan
110,17723.3,18383.89453125,nan
111,17555.95,18232.26171875,nan
112,17913.8,18027.37109375,nan
113,17956.35,17876.576171875,nan
114,18197.85,17816.423828125,nan
115,18580.099999999995,17872.546875,nan
116,18591.599999999995,18062.751953125,nan
117,18703.9,18322.52734375,nan
118,18791.55,18592.16015625,nan
119,18774.95,18824.28125,nan
120,18568.45,18978.02734375,nan
121,18738.75,19009.427734375,nan
122,18506.1,18967.61328125,nan
123,18534.05,18853.251953125,nan
124,18572.35,18710.90234375,nan
125,18814.4,18585.005859375,nan
126,18623.25,18535.05078125,nan
127,18366.499999999996,18525.505859375,nan
128,18213.05,18498.40234375,nan
129,19247.2,18430.251953125,nan
130,18842.1,18502.29296875,nan
131,19376.7,18633.560546875,nan
132,19158.600000000002,18853.90625,nan
133,19021.05,19070.01171875,nan
134,19038.35,19206.79296875,nan
135,18930.4,19255.09765625,nan
136,19276.1,19217.275390625,nan
137,19173.8,19185.220703125,nan
138,18983.75,19162.9609375,nan
139,18790.95,19120.533203125,nan
140,18869.15,19034.4765625,nan
141,18490.4,18942.64453125,nan
142,18110.3,18810.3515625,nan
143,18054.55,18609.380859375,nan
144,18049.2,18384.994140625,nan
145,18043.8,18191.705078125,nan
146,18154.55,18061.71484375,nan
147,17932.0,18018.826171875,nan
148,18279.2,18013.65234375,nan
149,17503.15,18076.83984375,nan
150,17003.65,18066.890625,nan
151,17099.2,17907.7890625,nan
152,17210.95,17672.08203125,nan
153,17090.75,17450.330078125,nan
154,17126.3,17271.4921875,nan
155,17056.35,17156.544921875,nan
156,17012.85,17093.97265625,nan
157,17197.45,17065.634765625,nan
158,17197.75,17083.5078125,nan
159,16933.6,17131.783203125,nan
160,17018.45,17154.1171875,nan
161,16987.55,17152.759765625,nan
162,17366.95,17130.23046875,nan
163,17238.2,17146.009765625,nan
164,17200.3,17180.9296875,nan
165,17191.25,17213.6328125,nan
166,17716.0,17232.611328125,nan
167,17898.3,17306.17578125,nan
168,17784.5,17446.998046875,nan
169,17709.3,17601.5625,nan
170,17705.7,17719.7734375,nan
171,17805.45,17783.375,nan
172,17550.6,17810.609375,nan
173,17847.1,17778.158203125,nan
174,17742.95,17747.873046875,nan
175,17955.2,17723.17578125,nan
176,17976.25,17738.15625,nan
177,18074.5,17789.56640625,nan
178,17929.05,17873.171875,nan
179,18000.35,17946.029296875,nan
180,18099.55,18003.236328125,nan
181,17978.35,18055.9609375,nan
182,18964.5,18084.09765625,nan
183,19374.35,18232.453125,nan
184,19430.1,18534.662109375,nan
185,19501.8,18912.84765625,nan
186,19536.1,19274.94140625,nan
187,18872.3,19549.71484375,nan
188,19081.5,19595.359375,nan
189,19104.25,19486.95703125,nan
190,18975.0,19314.015625,nan
191,18421.6,19125.666015625,nan
192,18354.6,18881.283203125,nan
193,18479.349999999995,18625.591796875,nan
194,18391.95,18435.42578125,nan
195,18234.6,18324.720703125,nan
196,18161.85,18267.798828125,nan
197,17826.7,18243.712890625,nan
198,17326.55,18194.16015625,nan
199,17206.3,18052.646484375,nan
200,17453.05,17844.033203125,nan
201,17038.4,17663.84375,nan
202,16635.65,17490.5703125,nan
203,16517.8,17287.333984375,nan
204,16996.55,17068.478515625,nan
205,17005.05,16933.67578125,nan
206,17041.45,16894.943359375,nan
207,16953.35,16933.02734375,nan
208,16813.15,16999.876953125,nan
209,17356.7,17044.71875,nan
210,16976.6,17124.923828125,nan
211,16766.85,17178.3828125,nan
212,16930.85,17161.751953125,nan
213,17004.5,17108.1875,nan
214,16729.55,17051.509765625,nan
215,17219.5,16971.052734375,nan
216,16988.4,16942.775390625,nan
217,16859.9,16940.361328125,nan
218,16623.45,16933.62109375,nan
219,16595.35,16887.591796875,nan
220,16626.1,16810.5703125,nan
221,16645.9,16730.076171875,nan
222,16180.1,16668.58203125,nan
223,16098.7,16577.923828125,nan
224,16000.75,16460.53515625,nan
225,16151.5,16330.6787109375,nan
226,16795.55,16231.73828125,nan
227,16970.1,16253.4375,nan
228,16815.65,16401.505859375,nan
229,16424.4,16604.267578125,nan
230,16015.5,16752.576171875,nan
231,16423.75,16765.515625,nan
232,16117.55,16713.76171875,nan
233,16354.45,16604.25,nan
234,16039.3,16499.732421875,nan
235,16273.45,16389.033203125,nan
236,16094.7,16312.564453125,nan
237,16196.45,16257.6533203125,nan
238,16410.25,16233.447265625,nan
239,16644.0,16260.6220703125,nan
240,16318.05,16353.40234375,nan
241,16689.3,16446.412109375,nan
242,17057.95,16555.7734375,nan
243,17086.35,16711.21875,nan
244,16996.15,16890.66015625,nan
245,16909.7,17046.220703125,nan
246,16943.35,17140.34765625,nan
247,16923.4,17173.3515625,nan
248,16968.3,17156.693359375,nan
249,16977.2,17116.419921875,nan
250,17034.85,17072.486328125,nan
251,17141.9,17044.095703125,nan
252,16999.85,17048.681640625,nan
253,17117.25,17061.869140625,nan
254,17245.9,17089.556640625,nan
255,17410.8,17142.421875,nan
256,17227.35,17230.830078125,nan
257,17018.95,17311.134765625,nan
258,16943.8,17337.86328125,nan
259,16603.7,17304.369140625,nan
260,16701.05,17189.58203125,nan
261,16333.65,17044.634765625,nan
262,16555.85,16864.875,nan
263,16527.6,16713.4453125,nan
264,16352.9,16612.322265625,nan
265,16105.4,16543.529296875,nan
266,16207.200000000003,16472.388671875,nan
267,16184.499999999998,16413.158203125,nan
268,16444.5,16370.6591796875,nan
269,16474.95,16377.3544921875,nan
270,16419.05,16428.94140625,nan
271,16390.2,16497.326171875,nan
272,16074.8,16557.24609375,nan
273,16360.25,16558.34765625,nan
274,16044.0,16539.201171875,nan
275,16172.85,16479.109375,nan
276,16250.3,16408.046875,nan
277,16826.4,16353.404296875,nan
278,16825.65,16390.3828125,nan
279,16857.55,16505.20703125,nan
280,16880.6,16660.35546875,nan
281,16656.4,16816.103515625,nan
282,16357.55,16913.220703125,nan
283,16102.0,16904.982421875,nan
284,16141.3,16783.681640625,nan
285,16327.85,16605.5546875,nan
286,16224.4,16447.869140625,nan
287,16731.7,16331.2119140625,nan
288,16255.000000000002,16322.611328125,nan
289,16382.25,16351.3857421875,nan
290,16319.35,16401.3125,nan
291,16212.75,16448.609375,nan
292,16129.6,16470.837890625,nan
293,15728.699999999999,16458.58984375,nan
294,15499.95,16376.00390625,nan
295,15306.3,16222.0341796875,nan
296,15577.8,16017.6875,nan
297,15627.1,15838.76953125,nan
298,15920.95,15722.3330078125,nan
299,15739.9,15703.828125,nan
300,15499.35,15746.3359375,nan
301,15554.199999999999,15791.47265625,nan
302,15885.55,15823.3310546875,nan
303,15978.45,15873.216796875,nan
304,15998.1,15948.421875,nan
305,16433.9,16036.708984375,nan
306,16201.450000000003,16168.14453125,nan
307,16589.25,16295.15625,nan
308,16804.8,16434.37890625,nan
309,16936.85,16593.208984375,nan
310,17122.5,16762.83203125,nan
311,17129.55,16937.615234375,nan
312,16338.7,17091.373046875,nan
313,16019.35,17102.88671875,nan
314,16253.35,16947.103515625,nan
315,16246.8,16722.5390625,nan
316,16536.6,16504.162109375,nan
317,16866.95,16371.2392578125,nan
318,17764.5,16373.1318359375,nan
319,17492.25,16591.900390625,nan
320,17479.75,16927.89453125,nan
321,17087.45,17277.1875,nan
322,17177.4,17509.80078125,nan
323,17018.1,17609.642578125,nan
324,17260.05,17580.0390625,nan
325,17401.7,17500.08203125,nan
326,17461.85,17433.34765625,nan
327,17457.65,17406.8125,nan
328,17272.6,17416.123046875,nan
329,17309.6,17422.05078125,nan
330,17227.95,17420.541015625,nan
331,17341.5,17402.578125,nan
332,17188.8,17390.07421875,nan
333,17266.55,17368.58203125,nan
334,17014.9,17352.173828125,nan
335,17758.4,17311.8671875,nan
336,17719.45,17353.92578125,nan
337,17803.75,17466.138671875,nan
338,17931.8,17620.388671875,nan
339,18373.2,17791.876953125,nan
340,18558.7,18005.912109375,nan
341,18780.15,18249.34375,nan
342,18796.85,18504.681640625,nan
343,18869.15,18725.171875,nan
344,18925.8,18885.439453125,nan
345,19046.6,18980.255859375,nan
346,18372.7,19031.7421875,nan
347,18228.25,18944.14453125,nan
348,18195.75,18737.962890625,nan
349,17954.45,18487.75,nan
350,17264.55,18230.01953125,nan
351,17036.1,17917.763671875,nan
352,16879.0,17581.880859375,nan
353,17679.9,17270.275390625,nan
354,17534.45,17142.59375,nan
355,16911.7,17175.005859375,nan
356,17112.95,17226.541015625,nan
357,16858.4,17281.140625,nan
358,17226.05,17292.34765625,nan
359,17129.0,17311.669921875,nan
360,17442.25,17330.900390625,nan
361,17427.9,17385.4296875,nan
362,16892.25,17458.744140625,nan
363,16801.55,17453.83984375,nan
364,16632.35,17358.275390625,nan
365,16384.15,17186.173828125,nan
366,15717.65,16955.7734375,nan
367,15995.8,16637.962890625,nan
368,15744.6,16332.869140625,nan
369,15541.6,16068.2060546875,nan
370,14823.749999999998,15849.2333984375,nan
371,15348.05,15612.7177734375,nan
372,15217.35,15435.8125,nan
373,15531.5,15326.357421875,nan
374,15126.0,15312.7529296875,nan
375,14535.95,15335.3037109375,nan
376,14428.5,15306.642578125,nan
377,13808.900000000001,15213.1044921875,nan
378,13689.15,15023.9794921875,nan
379,13530.15,14773.32421875,nan
380,13568.85,14502.8056640625,nan
381,13511.05,14260.3408203125,nan
382,13514.2,14069.328125,nan
383,13917.35,13939.3779296875,nan
384,13984.1,13898.041015625,nan
385,14764.3,13938.8544921875,nan
386,14998.249999999998,14095.9521484375,nan
387,15363.0,14358.2607421875,nan
388,15371.4,14704.4150390625,nan
389,15389.35,15074.05078125,nan
390,15396.35,15404.7333984375,nan
391,15181.5,15651.8212890625,nan
392,15293.5,15775.78125,nan
393,15858.4,15797.6318359375,nan
394,15935.9,15807.02734375,nan
395,15891.8,15839.2294921875,nan
396,15905.1,15889.3447265625,nan
397,15964.8,15946.2529296875,nan
398,15738.05,16004.8955078125,nan
399,15995.85,16033.3349609375,nan
400,16022.25,16057.9169921875,nan
401,15998.95,16088.5087890625,nan
402,16404.7,16122.0341796875,nan
403,16487.35,16199.19140625,nan
404,16793.3,16319.9033203125,nan
405,16679.95,16493.7109375,nan
406,16416.4,16674.28125,nan
407,16071.0,16793.87109375,nan
408,16337.900000000001,16797.119140625,nan
409,16021.7,16737.69140625,nan
410,15993.9,16619.025390625,nan
411,16619.0,16473.32421875,nan
412,16693.7,16406.43359375,nan
413,16887.7,16437.484375,nan
414,16928.7,16561.814453125,nan
415,17030.05,16739.8046875,nan
416,17495.85,16934.681640625,nan
417,17497.8,17164.77734375,nan
418,17145.9,17393.6328125,nan
419,16754.6,17534.216796875,nan
420,17074.45,17520.15625,nan
421,16947.4,17427.8515625,nan
422,17227.05,17295.25,nan
423,17236.1,17198.328125,nan
424,16973.25,17156.87890625,nan
425,16939.95,17129.634765625,nan
426,16948.4,17102.166015625,nan
427,16737.1,17076.541015625,nan
428,16921.7,17030.396484375,nan
429,16753.85,16996.47265625,nan
430,16345.4,16962.80859375,nan
431,16496.15,16881.0390625,nan
432,15913.2,16785.982421875,nan
433,15496.55,16631.662109375,nan
434,15618.7,16399.4921875,nan
435,15822.950000000003,16155.6220703125,nan
436,15914.700000000003,15972.48828125,nan
437,15590.25,15881.033203125,nan
438,15678.7,15836.404296875,nan
439,15917.55,15827.9609375,nan
440,16103.35,15868.4716796875,nan
441,16170.55,15962.2021484375,nan
442,15723.2,16090.740234375,nan
443,15052.4,16172.0234375,nan
444,15456.35,16113.099609375,nan
445,15450.350000000002,15984.802734375,nan
446,15714.7,15839.736328125,nan
447,15782.0,15740.96484375,nan
448,15906.899999999998,15708.3154296875,nan
449,15675.65,15743.7763671875,nan
450,16031.15,15798.3525390625,nan
451,16245.700000000003,15885.015625,nan
452,16192.8,16011.119140625,nan
453,15963.35,16146.9697265625,nan
454,15821.35,16239.7705078125,nan
455,15605.35,16261.177734375,nan
456,15607.65,16199.171875,nan
457,15614.65,16085.126953125,nan
458,15272.1,15958.189453125,nan
459,15319.05,15811.6875,nan
460,15706.2,15673.251953125,nan
461,16104.65,15603.7802734375,nan
462,16145.999999999998,15648.9814453125,nan
463,16515.85,15789.1328125,nan
464,16594.15,16017.4462890625,nan
465,16719.65,16290.0654296875,nan
466,16592.8,16564.31640625,nan
467,16687.35,16778.490234375,nan
468,17246.3,16917.365234375,nan
469,17474.2,17049.162109375,nan
470,17468.5,17203.890625,nan
471,17629.4,17359.970703125,nan
472,17975.05,17509.50390625,nan
473,18106.85,17676.05859375,nan
474,17929.0,17853.654296875,nan
475,17700.25,17986.830078125,nan
476,17520.7,18024.919921875,nan
477,17788.65,17956.888671875,nan
478,18051.5,17863.9609375,nan
479,18037.5,17824.328125,nan
480,18118.25,17844.560546875,nan
481,17831.6,17917.884765625,nan
482,18126.2,17976.17578125,nan
483,17885.6,18045.0078125,nan
484,18268.85,18083.7578125,nan
485,18667.65,18145.2890625,nan
486,18796.75,18284.109375,nan
487,18499.4,18487.04296875,nan
488,18606.3,18654.435546875,nan
489,18872.6,18764.693359375,nan
490,19079.4,18853.509765625,nan
491,18825.4,18952.18359375,nan
492,18952.849999999995,19006.99609375,nan
493,18992.0,19030.802734375,nan
494,18966.95,19036.947265625,nan
495,19071.95,19028.326171875,nan
496,19384.9,19028.28515625,nan
497,19595.500000000004,19088.689453125,nan
498,19693.85,19224.33203125,nan
499,19408.9,19407.44140625,nan
500,19292.4,19539.1875,nan
501,19397.45,19576.240234375,nan
502,19901.8,19554.630859375,nan
503,20015.899999999998,19590.484375,nan
504,19789.5,19700.681640625,nan
505,19899.9,19806.5390625,nan
506,19871.75,19894.5859375,nan
507,19766.4,19948.115234375,nan
508,19766.6,19949.5078125,nan
509,19832.5,19914.658203125,nan
510,19318.9,19877.8671875,nan
511,18983.3,19765.939453125,nan
512,18817.15,19556.84765625,nan
513,18954.25,19292.158203125,nan
514,19013.6,19070.197265625,nan
515,19417.7,18943.603515625,nan
516,19480.55,18978.501953125,nan
517,20346.25,19138.515625,nan
518,20480.65,19492.490234375,nan
519,20207.5,19951.484375,nan
520,20817.8,20332.60546875,nan
521,20927.199999999997,20659.5078125,nan
522,21471.0,20909.158203125,nan
523,21651.7,21149.595703125,nan
524,21636.85,21377.091796875,nan
525,21435.7,21543.099609375,nan
526,21618.75,21586.82421875,nan
527,21877.65,21566.154296875,nan
528,21200.5,21568.85546875,nan
529,20618.4,21477.31640625,nan
530,20739.25,21223.013671875,nan
531,20807.65,20938.91015625,nan
532,20782.25,20737.7265625,nan
533,20546.05,20653.712890625,nan
534,20760.25,20633.173828125,nan
535,20463.25,20697.50390625,nan
536,19991.75,20760.388671875,nan
537,20538.8,20715.013671875,nan
538,20438.55,20694.62890625,nan
539,21199.55,20698.466796875,nan
540,21154.4,20854.576171875,nan
541,21081.3,21087.513671875,nan
542,21589.25,21291.48828125,nan
543,21860.1,21504.56640625,nan
544,21887.9,21730.16796875,nan
545,21820.800000000003,21916.611328125,nan
546,21469.05,22011.197265625,nan
547,21551.9,21945.861328125,nan
548,21486.8,21794.03515625,nan
549,21605.25,21616.52734375,nan
550,21366.0,21492.708984375,nan
551,20815.0,21397.392578125,nan
552,21205.75,21234.99609375,nan
553,21199.55,21129.8984375,nan
554,21436.75,21108.091796875,nan
555,21354.849999999995,21200.861328125,nan
556,21464.8,21343.640625,nan
557,21562.0,21504.927734375,nan
558,21509.2,21661.822265625,nan
559,21421.0,21771.578125,nan
560,21145.800000000003,21804.591796875,nan
561,20939.95,21722.38671875,nan
562,20758.7,21535.583984375,nan
563,20675.55,21284.603515625,nan
564,21189.55,21031.451171875,nan
565,21431.3,20931.708984375,nan
566,21095.45,21017.57421875,nan
567,20768.7,21145.70703125,nan
568,20164.25,21188.984375,nan
569,20001.75,21034.4453125,nan
570,20001.2,20737.5703125,nan
571,19964.7,20418.029296875,nan
572,20206.45,20157.572265625,nan
573,20180.85,20039.298828125,nan
574,20109.95,20041.35546875,nan
575,20270.0,20102.212890625,nan
576,19698.75,20205.556640625,nan
577,19676.7,20209.4375,nan
578,19475.85,20117.572265625,nan
579,19409.65,19943.025390625,nan
580,19008.5,19735.279296875,nan
581,18701.95,19479.6328125,nan
582,18439.05,19181.578125,nan
583,18409.35,18863.712890625,nan
584,18781.15,18585.908203125,nan
585,19066.8,18450.484375,nan
586,19110.200000000004,18495.169921875,nan
587,18520.0,18666.439453125,nan
588,18573.8,18786.744140625,nan
589,17810.4,18825.22265625,nan
590,17711.15,18673.478515625,nan
591,17602.75,18386.728515625,nan
592,17870.5,18051.66015625,nan
593,18068.4,17793.51171875,nan
594,18490.35,17677.59375,nan
595,18582.05,17748.580078125,nan
596,18798.45,17957.556640625,nan
597,18897.05,18250.021484375,nan
598,18693.45,18555.69921875,nan
599,18687.2,18773.25,nan
600,17927.1,18872.337890625,nan
601,19250.1,18749.5078125,nan
602,19918.3,18685.09375,nan
603,19931.0,18829.318359375,nan
604,19457.4,19124.107421875,nan
605,19365.0,19379.9609375,nan
606,19325.2,19510.580078125,nan
607,18888.15,19512.8984375,nan
608,18593.75,19361.361328125,nan
609,18259.6,19087.90234375,nan
610,18128.3,18739.68359375,nan
611,17826.3,18395.314453125,nan
612,18482.75,18083.576171875,nan
613,18268.75,17952.34375,nan
614,18374.55,17962.767578125,nan
615,18695.6,18080.20703125,nan
616,18584.75,18296.517578125,nan
617,18595.85,18529.869140625,nan
618,18190.35,18723.005859375,nan
619,18679.75,18781.56640625,nan
620,19515.6,18795.029296875,nan
621,19764.95,18921.216796875,nan
622,20305.0,19171.25390625,nan
623,20130.75,19548.484375,nan
624,20193.4,19911.947265625,nan
625,20341.05,20177.96484375,nan
626,20246.95,20335.396484375,nan
627,19903.05,20371.7734375,nan
628,20003.650000000005,20259.51171875,nan
629,20106.45,20084.748046875,nan
630,19829.3,19937.005859375,nan
631,19801.0,19805.908203125,nan
632,20040.75,19708.53125,nan
633,19985.950000000004,19701.734375,nan
634,19784.0,19763.921875,nan
635,19744.4,19829.326171875,nan
636,19670.5,19873.322265625,nan
637,19531.75,19884.15625,nan
638,19869.299999999996,19850.123046875,nan
639,20006.8,19851.841796875,nan
640,20289.95,19915.84375,nan
641,20294.699999999997,20062.70703125,nan
642,20297.7,20239.763671875,nan
643,20579.75,20391.818359375,nan
644,21039.85,20535.373046875,nan
645,21337.95,20727.837890625,nan
646,21185.4,20976.154296875,nan
647,20996.55,21182.642578125,nan
648,20918.0,21266.083984375,nan
649,20521.05,21222.828125,nan
650,20436.8,21032.49609375,nan
651,20392.55,20768.513671875,nan
652,20304.7,20515.640625,nan
653,20321.15,20320.39453125,nan
654,20106.6,20214.685546875,nan
655,19969.600000000002,20158.537109375,nan
656,20086.0,20119.513671875,nan
657,20383.9,20119.666015625,nan
658,20302.15,20206.80859375,nan
659,20595.85,20331.130859375,nan
660,20338.8,20501.244140625,nan
661,20316.7,20622.76953125,nan
662,20553.3,20666.330078125,nan
663,20298.65,20684.458984375,nan
664,20269.3,20640.92578125,nan
665,20334.45,20549.4609375,nan
666,20506.1,20453.447265625,nan
667,20497.35,20406.953125,nan
668,20363.95,20405.76953125,nan
669,20319.9,20407.24609375,nan
670,21232.15,20393.86328125,nan
671,21122.25,20535.388671875,nan
672,21064.4,20760.77734375,nan
673,21963.15,20975.4140625,nan
674,22441.3,21290.783203125,nan
675,22814.550000000003,21717.998046875,nan
676,23345.400000000005,22204.443359375,nan
677,23829.2,22720.654296875,nan
678,23560.0,23235.724609375,nan
679,23728.55,23585.037109375,nan
680,23290.85,23766.599609375,nan
681,23325.9,23723.140625,nan
682,23133.1,23558.58984375,nan
683,22953.5,23343.99609375,nan
684,23016.7,23134.99609375,nan
685,23079.05,23014.130859375,nan
686,23134.65,23017.728515625,nan
687,23598.45,23133.455078125,nan
688,23442.0,23405.033203125,nan
689,23506.200000000004,23702.83984375,nan
690,23485.3,23958.166015625,nan
691,23006.9,24124.939453125,nan
692,22416.1,24099.615234375,nan
693,23267.5,23826.255859375,nan
694,24485.4,23630.517578125,nan
695,24893.45,23818.400390625,nan
696,25012.7,24317.609375,nan
697,24918.15,24899.8359375,nan
698,24961.649999999998,25343.158203125,nan
699,24813.45,25578.345703125,nan
700,24689.949999999997,nan,nan
701,24616.1,nan,nan
702,24433.6,nan,nan
703,24028.05,nan,nan
704,23777.25,nan,nan
705,24533.25,nan,nan
706,24407.4,nan,nan
707,23831.6,nan,nan
708,23572.05,nan,nan
709,23465.15,nan,nan
710,23812.55,nan,nan
711,22670.95,nan,nan
712,23042.0,nan,nan
713,23593.15,nan,nan
714,23256.0,nan,nan
715,23066.2,nan,nan
716,23110.449999999997,nan,nan
717,21860.15,nan,nan
718,21894.9,nan,nan
719,20273.5,nan,nan
720,21308.2,nan,nan
721,20158.05,nan,nan
722,20005.5,nan,nan
723,19293.95,nan,nan
724,17731.45,nan,nan
725,18903.65,nan,nan
726,16959.4,nan,nan
727,16980.0,nan,nan
728,17438.25,nan,nan
729,17554.05,nan,nan
730,17666.25,nan,nan
731,16935.45,nan,nan
732,17546.35,nan,nan
733,16549.65,nan,nan
734,15783.8,nan,nan
735,16634.55,nan,nan
736,16063.95,nan,nan
737,16935.3,nan,nan
738,17301.1,nan,nan
739,18138.55,nan,nan
740,18928.9,nan,nan
741,18946.75,nan,nan
742,18996.9,nan,nan
743,18828.45,nan,nan
744,19217.149999999998,nan,nan
745,18707.75,nan,nan
746,18587.45,nan,nan
747,19021.85,nan,nan
748,18865.9,nan,nan
749,19171.45,nan,nan
750,19767.9,nan,nan
751,18625.0,nan,nan
752,18512.0,nan,nan
753,18741.9,nan,nan
754,18432.4,nan,nan
755,18732.749999999996,nan,nan
756,18914.900000000005,nan,nan
757,19127.2,nan,nan
758,19763.25,nan,nan
759,19310.8,nan,nan
760,19180.5,nan,nan
761,18152.7,nan,nan
762,18340.75,nan,nan
763,19411.65,nan,nan
764,19251.15,nan,nan
765,19910.25,nan,nan
766,20667.300000000003,nan,nan
767,20477.55,nan,nan
768,20808.899999999998,nan,nan
769,20857.299999999996,nan,nan
770,21069.35,nan,nan
771,21201.0,nan,nan
772,21630.1,nan,nan
773,21396.65,nan,nan
774,22089.6,nan,nan
775,21180.900000000005,nan,nan
776,21009.800000000003,nan,nan
777,21513.3,nan,nan
778,21251.2,nan,nan
779,22392.65,nan,nan
780,22117.25,nan,nan
781,22111.3,nan,nan
782,21635.4,nan,nan
783,21866.1,nan,nan
784,21678.95,nan,nan
785,22017.6,nan,nan
786,22756.25,nan,nan
787,22566.25,nan,nan
788,22068.8,nan,nan
789,22523.85,nan,nan
790,22341.95,nan,nan
791,23051.05,nan,nan
792,22663.5,nan,nan
793,22762.85,nan,nan
794,22872.650000000005,nan,nan
795,23111.15,nan,nan
796,22824.1,nan,nan
797,22439.8,nan,nan
798,22803.6,nan,nan
799,22295.4,nan,nan
800,22311.2,nan,nan
801,22085.75,nan,22749.01953125
802,21843.25,nan,22593.1015625
803,21731.1,nan,22419.3984375
804,22269.949999999997,nan,22250.837890625
805,22266.1,nan,22234.837890625
806,22440.75,nan,22338.689453125
807,21979.45,nan,22524.501953125
808,21568.15,nan,22621.02734375
809,21332.75,nan,22529.4453125
810,21113.85,nan,22273.908203125
811,21915.75,nan,21925.60546875
812,21743.649999999998,nan,21755.330078125
813,21395.100000000002,nan,21731.001953125
814,21711.15,nan,21723.552734375
815,21747.25,nan,21763.875
816,21593.75,nan,21833.048828125
817,22103.9,nan,21869.8046875
818,21722.85,nan,21964.87890625
819,21910.1,nan,22012.3984375
820,22396.4,nan,22036.634765625
821,21551.6,nan,22136.009765625
822,21378.9,nan,22108.15234375
823,21237.0,nan,21939.357421875
824,21458.25,nan,21686.611328125
825,21512.75,nan,21486.71875
826,21914.3,nan,21393.70703125
827,22081.300000000003,nan,21474.861328125
828,22080.2,nan,21694.248046875
829,22317.749999999996,nan,21952.544921875
830,22210.75,nan,22214.65234375
831,21810.75,nan,22399.70703125
832,21710.65,nan,22407.4296875
833,21528.0,nan,22267.607421875
834,21329.55,nan,22033.51953125
835,20283.0,nan,21758.783203125
836,20466.6,nan,21319.73828125
837,20563.6,nan,20887.8828125
838,20429.0,nan,20593.5
839,20025.3,nan,20441.55859375
840,19782.95,nan,20337.767578125
841,19355.85,nan,20226.8828125
842,19401.5,nan,20047.248046875
843,19643.35,nan,19856.080078125
844,19502.5,nan,19743.25
845,19789.5,nan,19688.22265625
846,20065.25,nan,19721.4296875
847,20387.85,nan,19852.02734375
848,19888.4,nan,20072.87890625
849,19520.95,nan,20213.5234375
850,18903.700000000004,nan,20170.720703125
851,18982.45,nan,19882.396484375
852,18951.85,nan,19487.470703125
853,18341.95,nan,19109.68359375
854,19008.45,nan,18726.91796875
855,19533.15,nan,18510.365234375
856,19834.65,nan,18553.576171875
857,20256.95,nan,18831.720703125
858,20611.0,nan,19288.537109375
859,20131.8,nan,19836.935546875
860,20296.95,nan,20249.15625
861,20712.5,nan,20480.38671875
862,20735.55,nan,20613.884765625
863,21198.5,nan,20676.849609375
864,20956.1,nan,20767.794921875
865,21087.999999999996,nan,20830.572265625
866,21135.9,nan,20876.3359375
867,20642.25,nan,20913.87890625
868,21177.45,nan,20853.806640625
869,21102.25,nan,20832.798828125
870,21184.8,nan,20857.525390625
871,21147.5,nan,20932.47265625
872,20991.7,nan,21027.458984375
873,20521.15,nan,21091.37109375
874,20424.7,nan,21034.96875
875,21734.35,nan,20888.15234375
876,21361.2,nan,20966.552734375
877,21677.0,nan,21162.087890625
878,21694.55,nan,21438.794921875
879,21671.35,nan,21709.69921875
880,21876.1,nan,21903.673828125
881,21910.349999999995,nan,22036.0546875
882,22239.400000000005,nan,22110.10546875
883,22053.05,nan,22194.091796875
884,22604.7,nan,22239.37109375
885,22762.8,nan,22348.791015625
886,22867.55,nan,22521.720703125
887,23441.600000000002,nan,22719.634765625
888,23435.5,nan,23000.58984375
889,23363.25,nan,23284.45703125
890,23989.75,nan,23487.525390625
891,24069.249999999996,nan,23715.990234375
892,23661.65,nan,23948.921875
893,23948.7,nan,24055.7421875
894,24465.300000000003,nan,24111.12890625
895,24243.55,nan,24250.306640625
896,23698.8,nan,24393.75390625
897,24381.15,nan,24395.1953125
898,24306.35,nan,24446.240234375
899,24908.399999999998,nan,24539.19921875
900,24635.7,nan,24774.708984375
901,24905.15,nan,25009.109375
902,24912.85,nan,25237.177734375
903,24954.15,nan,25419.263671875
904,24775.75,nan,25544.390625
905,24420.7,nan,25574.939453125
906,23758.1,nan,25468.111328125
907,23805.0,nan,25161.923828125
908,23722.2,nan,24816.78125
909,24259.65,nan,24536.43359375
910,24259.099999999995,nan,24493.42578125
911,24510.4,nan,24625.611328125
912,24574.4,nan,24878.05859375
913,23717.5,nan,25148.9921875
914,23916.7,nan,25170.333984375
915,23894.4,nan,25040.875
916,23826.749999999996,nan,24853.02734375
917,23715.55,nan,24663.353515625
918,23839.65,nan,24490.23828125
919,24599.950000000004,nan,24386.5703125
920,24013.2,nan,24509.08203125
921,23950.3,nan,24627.98046875
922,24034.2,nan,24668.654296875
923,23895.5,nan,24656.822265625
924,24824.35,nan,24587.439453125
925,25002.15,nan,24693.357421875
926,25813.4,nan,24943.521484375
927,25569.3,nan,25384.146484375
928,25369.1,nan,25787.671875
929,24726.4,nan,26005.177734375
930,24855.600000000002,nan,25910.22265625
931,24413.8,nan,25670.337890625
932,23846.9,nan,25334.12109375
933,24374.5,nan,24911.015625
934,23979.95,nan,24663.71875
935,23719.0,nan,24535.23046875
936,23694.3,nan,24454.18359375
937,23255.65,nan,24415.4296875
938,22820.2,nan,24322.96484375
939,23106.3,nan,24117.583984375
940,22773.35,nan,23945.47265625
941,24543.6,nan,23775.767578125
942,26432.55,nan,24008.078125
943,25994.4,nan,24858.876953125
944,27091.0,nan,25802.8046875
945,26722.85,nan,26713.30078125
946,28022.2,nan,27290.587890625
947,28165.8,nan,27753.771484375
948,28293.75,nan,28097.193359375
949,28344.2,nan,28323.3203125
950,27965.85,nan,28454.689453125
951,28653.25,nan,28450.01953125
952,28597.4,nan,28549.046875
953,28268.5,nan,28742.703125
954,27623.35,nan,28921.48828125
955,27542.45,nan,28948.4375
956,27090.85,nan,28906.119140625
957,27260.35,nan,28793.369140625
958,27553.0,nan,28752.71484375
959,27450.9,nan,28878.1796875
960,26501.7,nan,29074.697265625
961,27706.95,nan,29052.88671875
962,27658.75,nan,29161.107421875
963,27695.249999999996,nan,29337.447265625
964,28676.6,nan,29500.275390625
965,27848.6,nan,29804.59375
966,27185.05,nan,29935.08984375
967,27313.15,nan,29745.712890625
968,27555.8,nan,29422.87890625
969,27701.5,nan,29168.87890625
970,27644.55,nan,29061.30859375
971,27430.8,nan,29049.673828125
972,26842.200000000004,nan,29036.703125
973,26595.5,nan,28882.40234375
974,26936.7,nan,28616.34375
975,26954.5,nan,28434.296875
976,28312.2,nan,28366.69921875
977,27803.3,nan,28679.69140625
978,27580.35,nan,29032.4921875
979,28116.2,nan,29229.7421875
980,29094.45,nan,29381.5703125
981,29465.4,nan,29687.2265625
982,29951.95,nan,30096.126953125
983,30358.25,nan,30556.111328125
984,30114.1,nan,31015.064453125
985,30230.65,nan,31320.69921875
986,31582.65,nan,31498.923828125
987,31748.75,nan,31874.875
988,29881.05,nan,32360.25
989,30356.05,nan,32430.1484375
990,30305.4,nan,32352.216796875
991,30821.1,nan,32273.505859375
992,30057.75,nan,32386.625
993,29320.7,nan,32461.9921875
994,28521.95,nan,32349.701171875
995,28106.3,nan,31999.96484375
996,28062.6,nan,31533.248046875
997,28098.549999999996,nan,31138.37890625
998,28687.55,nan,30912.265625
999,28444.35,nan,30969.865234375
1000,27910.5,nan,nan
